subject_id,condition,trial_number_overall,is_correct
401,1,2,0
401,1,3,1
401,1,4,1
401,1,6,0
401,1,7,0
401,1,8,0
401,1,9,0
401,1,10,0
401,1,11,0
401,1,13,1
401,1,14,1
401,1,15,1
401,1,16,1
401,1,17,0
401,1,18,1
401,1,19,1
401,1,21,1
401,1,22,0
401,1,23,1
401,1,24,0
401,1,25,0
401,1,27,1
401,1,28,1
401,1,29,0
401,1,30,0
401,1,32,0
401,1,34,1
401,1,36,0
401,1,37,1
401,1,38,0
401,1,39,0
401,1,41,0
401,1,43,0
401,1,44,1
401,1,45,1
401,1,47,1
401,1,49,0
401,1,51,0
401,1,52,0
401,1,53,1
401,1,54,0
401,1,55,0
401,1,57,1
401,1,58,0
401,1,65,0
401,1,68,0
401,1,73,0
401,1,74,1
401,1,77,0
401,1,79,0
401,1,80,1
401,1,81,0
401,1,85,1
401,1,88,1
401,1,90,1
401,1,92,0
401,1,94,0
401,1,96,1
401,1,97,1
401,1,98,0
401,1,100,0
401,1,101,1
401,1,104,1
401,1,111,0
401,1,114,0
401,1,115,1
401,1,120,0
401,1,121,1
401,1,123,1
401,1,125,1
401,1,126,0
401,1,127,0
401,1,128,1
401,1,130,0
401,1,131,1
401,1,132,0
401,1,139,1
401,1,141,1
401,1,142,1
401,1,143,1
401,1,144,0
401,1,146,0
401,1,147,1
401,1,148,1
401,1,149,1
401,1,150,0
401,1,151,0
401,1,152,1
401,1,155,1
401,1,156,1
401,1,157,1
401,1,158,1
401,1,159,1
401,1,161,0
401,1,162,1
401,1,163,1
401,1,164,1
401,1,165,0
401,1,166,1
401,1,170,1
401,1,173,0
401,1,174,1
401,1,175,1
401,1,176,1
401,1,178,0
401,1,179,1
401,1,180,1
401,1,181,1
401,1,182,0
401,1,183,0
401,1,184,0
401,1,187,1
401,1,188,0
401,1,191,1
401,1,192,0
401,1,193,1
401,1,195,0
401,1,196,0
401,1,197,0
401,1,198,0
401,1,199,0
401,1,200,0
401,1,202,0
401,1,203,1
401,1,204,0
401,1,206,1
401,1,208,1
401,1,211,1
401,1,215,1
401,1,216,1
401,1,220,0
401,1,221,1
401,1,223,0
401,1,225,1
401,1,226,1
401,1,230,1
401,1,232,1
401,1,233,1
401,1,234,0
401,1,241,0
401,1,248,0
401,1,249,1
401,1,250,1
401,1,251,1
401,1,256,0
401,1,259,0
401,1,262,1
401,1,264,1
401,1,265,0
401,1,266,0
401,1,268,0
401,1,272,1
401,1,280,1
401,2,3,1
401,2,6,1
401,2,10,1
401,2,11,1
401,2,15,1
401,2,16,1
401,2,17,1
401,2,18,1
401,2,19,1
401,2,22,1
401,2,23,1
401,2,26,1
401,2,27,1
401,2,30,1
401,2,32,1
401,2,35,1
401,2,36,1
401,2,42,1
401,2,44,1
401,2,45,1
401,2,46,1
401,2,47,1
401,2,48,1
401,2,49,1
401,2,50,1
401,2,51,1
401,2,52,1
401,2,53,1
401,2,54,1
401,2,58,1
401,2,60,1
401,2,61,1
401,2,62,1
401,2,64,1
401,2,65,1
401,2,66,1
401,2,69,1
401,2,72,1
401,2,73,1
401,2,74,1
401,2,76,1
401,2,79,1
401,2,81,1
401,2,82,1
401,2,84,1
401,2,86,1
401,2,87,1
401,2,88,1
401,2,92,1
401,2,99,1
401,2,101,1
401,2,102,1
401,2,106,1
401,2,107,1
401,2,111,1
401,2,112,1
401,2,113,1
401,2,114,1
401,2,115,1
401,2,121,1
401,2,124,1
401,2,125,0
401,2,126,1
401,2,127,1
401,2,132,1
401,2,133,1
401,2,135,1
401,2,143,1
401,2,144,1
401,2,146,1
401,2,147,1
401,2,150,0
401,2,151,1
401,2,153,1
401,2,154,1
401,2,157,1
401,2,158,1
401,2,159,1
402,1,1,0
402,1,3,1
402,1,4,1
402,1,8,0
402,1,12,0
402,1,13,0
402,1,19,0
402,1,24,0
402,1,27,1
402,1,28,0
402,1,42,1
402,1,45,1
402,1,46,0
402,1,47,1
402,1,53,0
402,1,56,0
402,1,57,0
402,1,61,1
402,1,68,1
402,1,72,0
402,1,74,1
402,1,75,1
402,1,78,0
402,1,88,0
402,1,91,0
402,1,96,1
402,1,102,0
402,1,104,1
402,1,111,1
402,1,124,1
402,1,130,0
402,1,132,0
402,1,144,1
402,1,151,1
402,1,157,1
402,1,165,1
402,1,166,1
402,1,185,1
402,1,188,1
402,1,195,0
402,1,196,1
402,1,202,1
402,1,207,1
402,1,208,1
402,1,212,1
402,1,221,1
402,1,252,1
402,1,253,0
402,1,256,1
402,1,257,1
402,1,259,0
402,1,265,1
402,1,267,1
402,1,272,0
402,1,274,0
402,1,285,1
402,1,301,0
402,1,304,1
402,1,305,1
402,1,309,1
402,2,1,1
402,2,6,1
402,2,7,1
402,2,8,1
402,2,9,1
402,2,10,1
402,2,11,1
402,2,14,1
402,2,18,1
402,2,22,1
402,2,23,1
402,2,24,1
402,2,26,1
402,2,27,1
402,2,29,1
402,2,30,1
402,2,34,1
402,2,36,1
402,2,40,1
402,2,41,1
402,2,42,1
402,2,45,1
402,2,47,1
402,2,48,1
402,2,50,1
402,2,52,1
402,2,53,1
402,2,56,1
402,2,57,1
402,2,58,1
402,2,60,1
402,2,62,1
402,2,63,1
402,2,64,1
402,2,68,1
402,2,71,1
402,2,72,1
402,2,75,1
402,2,78,1
402,2,79,1
402,2,82,1
402,2,84,1
402,2,85,1
402,2,87,1
402,2,88,1
402,2,90,1
402,2,93,1
402,2,94,1
402,2,97,1
402,2,99,1
402,2,100,1
402,2,101,1
402,2,102,1
402,2,103,1
402,2,105,1
402,2,106,1
402,2,107,1
402,2,108,1
402,2,114,1
402,2,116,1
402,2,117,1
402,2,119,1
402,2,124,1
402,2,125,1
402,2,126,1
402,2,127,1
402,2,129,0
402,2,131,1
402,2,133,1
402,2,135,1
402,2,137,1
402,2,139,1
402,2,140,1
402,2,141,1
402,2,142,1
402,2,143,1
402,2,145,1
402,2,147,1
402,2,148,1
402,2,149,1
402,2,151,1
402,2,154,1
402,2,155,1
402,2,158,1
402,2,159,1
403,1,3,1
403,1,4,1
403,1,5,1
403,1,6,1
403,1,8,0
403,1,10,1
403,1,12,0
403,1,17,1
403,1,18,0
403,1,23,0
403,1,24,1
403,1,26,0
403,1,27,1
403,1,28,1
403,1,30,1
403,1,34,0
403,1,37,1
403,1,54,0
403,1,56,1
403,1,62,0
403,1,67,1
403,1,69,1
403,1,70,0
403,1,75,0
403,1,83,0
403,1,84,1
403,1,87,0
403,1,88,1
403,1,89,1
403,1,91,1
403,1,94,0
403,1,95,0
403,1,99,1
403,1,106,1
403,1,118,1
403,1,126,1
403,1,147,0
403,1,148,1
403,1,150,1
403,1,152,1
403,1,153,0
403,1,154,0
403,1,158,0
403,1,170,1
403,1,172,1
403,1,174,1
403,1,175,1
403,1,176,1
403,1,178,1
403,1,180,0
403,1,181,1
403,1,182,1
403,1,183,1
403,1,185,1
403,1,195,1
403,1,196,0
403,1,200,0
403,1,203,0
403,1,204,1
403,1,205,0
403,1,209,0
403,1,210,0
403,1,213,1
403,1,214,1
403,1,218,0
403,1,219,0
403,1,220,0
403,1,222,1
403,1,224,0
403,1,225,0
403,1,227,0
403,1,228,1
403,1,229,1
403,1,231,1
403,1,233,1
403,1,234,1
403,1,236,0
403,1,238,1
403,1,239,1
403,2,1,1
403,2,3,1
403,2,4,1
403,2,5,1
403,2,6,1
403,2,7,1
403,2,8,1
403,2,10,1
403,2,11,1
403,2,12,1
403,2,14,1
403,2,15,0
403,2,17,1
403,2,18,1
403,2,19,1
403,2,20,1
403,2,22,1
403,2,23,1
403,2,25,1
403,2,28,0
403,2,29,1
403,2,30,1
403,2,32,1
403,2,34,1
403,2,37,1
403,2,38,1
403,2,39,1
403,2,40,1
403,2,42,1
403,2,43,1
403,2,44,1
403,2,45,1
403,2,47,1
403,2,48,1
403,2,49,1
403,2,50,1
403,2,52,1
403,2,53,1
403,2,54,1
403,2,55,1
403,2,56,1
403,2,58,1
403,2,59,1
403,2,60,1
403,2,61,1
403,2,63,1
403,2,64,1
403,2,65,1
403,2,66,1
403,2,67,1
403,2,68,1
403,2,69,1
403,2,73,1
403,2,74,1
403,2,75,1
403,2,78,1
403,2,79,1
403,2,80,1
403,2,81,1
403,2,82,0
403,2,84,1
403,2,85,1
403,2,86,1
403,2,88,1
403,2,89,1
403,2,90,1
403,2,92,1
403,2,93,1
403,2,94,1
403,2,96,1
403,2,97,1
403,2,98,0
403,2,99,1
403,2,100,1
403,2,103,1
403,2,104,1
403,2,106,1
403,2,107,1
403,2,108,1
403,2,109,1
403,2,110,1
403,2,111,1
403,2,112,1
403,2,113,1
403,2,115,1
403,2,116,1
403,2,117,1
403,2,118,1
403,2,120,1
403,2,121,1
403,2,122,1
403,2,123,1
403,2,124,1
403,2,126,1
403,2,127,1
403,2,128,1
403,2,129,1
403,2,130,1
403,2,131,1
403,2,132,1
403,2,133,1
403,2,134,1
403,2,135,1
403,2,136,1
403,2,138,1
403,2,139,1
403,2,140,1
403,2,141,1
403,2,142,1
403,2,143,1
403,2,144,1
403,2,145,1
403,2,146,1
403,2,148,1
403,2,149,1
403,2,150,1
403,2,151,1
403,2,153,1
403,2,154,1
403,2,155,1
403,2,156,1
403,2,157,1
403,2,158,1
404,1,1,0
404,1,2,0
404,1,3,1
404,1,4,0
404,1,5,0
404,1,6,0
404,1,8,0
404,1,9,0
404,1,10,0
404,1,11,0
404,1,12,0
404,1,14,1
404,1,15,0
404,1,16,0
404,1,17,1
404,1,19,1
404,1,20,1
404,1,21,1
404,1,23,1
404,1,24,1
404,1,25,0
404,1,26,0
404,1,28,1
404,1,29,1
404,1,30,1
404,1,31,0
404,1,33,1
404,1,34,1
404,1,38,1
404,1,39,1
404,1,40,1
404,1,43,1
404,1,44,0
404,1,45,0
404,1,49,0
404,1,50,1
404,1,51,1
404,1,54,1
404,1,55,1
404,1,58,1
404,1,59,0
404,1,60,1
404,1,63,0
404,1,64,1
404,1,65,1
404,1,66,0
404,1,67,0
404,1,68,0
404,1,69,0
404,1,70,0
404,1,71,0
404,1,72,0
404,1,73,0
404,1,74,1
404,1,76,0
404,1,77,0
404,1,78,1
404,1,79,1
404,1,84,0
404,1,86,0
404,1,87,0
404,1,88,0
404,1,95,1
404,1,99,0
404,1,105,0
404,1,108,1
404,1,109,1
404,1,112,0
404,1,113,0
404,1,115,0
404,1,118,1
404,1,119,0
404,1,129,0
404,1,131,0
404,1,133,0
404,1,134,1
404,1,137,0
404,1,140,1
404,1,146,0
404,1,152,0
404,1,155,1
404,1,156,0
404,1,157,0
404,1,158,1
404,1,159,1
404,1,164,1
404,1,165,1
404,1,168,0
404,1,171,1
404,1,183,0
404,1,187,0
404,1,232,0
404,1,272,0
404,2,1,1
404,2,2,1
404,2,3,1
404,2,5,1
404,2,6,1
404,2,7,1
404,2,9,1
404,2,10,1
404,2,11,0
404,2,12,1
404,2,13,1
404,2,14,1
404,2,16,1
404,2,17,1
404,2,20,1
404,2,21,1
404,2,22,1
404,2,24,1
404,2,25,1
404,2,26,1
404,2,27,1
404,2,29,1
404,2,30,1
404,2,31,1
404,2,32,1
404,2,33,1
404,2,35,1
404,2,36,1
404,2,39,1
404,2,40,1
404,2,41,1
404,2,42,1
404,2,43,1
404,2,44,1
404,2,46,1
404,2,47,0
404,2,48,1
404,2,50,1
404,2,51,1
404,2,52,1
404,2,53,1
404,2,54,1
404,2,55,1
404,2,57,1
404,2,58,1
404,2,59,1
404,2,60,1
404,2,61,1
404,2,63,1
404,2,64,1
404,2,65,1
404,2,66,1
404,2,67,1
404,2,69,1
404,2,70,1
404,2,71,1
404,2,73,1
404,2,74,0
404,2,75,1
404,2,76,1
404,2,77,1
404,2,79,1
404,2,80,1
404,2,81,1
404,2,83,1
404,2,85,1
404,2,86,1
404,2,87,1
404,2,88,1
404,2,90,1
404,2,92,1
404,2,93,1
404,2,94,1
404,2,95,1
404,2,96,1
404,2,97,1
404,2,99,1
404,2,100,1
404,2,101,1
404,2,103,1
404,2,104,1
404,2,105,1
404,2,106,1
404,2,108,1
404,2,109,1
404,2,110,1
404,2,112,1
404,2,113,1
404,2,118,1
404,2,119,1
404,2,120,1
404,2,121,1
404,2,122,1
404,2,123,1
404,2,124,1
404,2,125,1
404,2,126,1
404,2,127,1
404,2,128,1
404,2,130,1
404,2,132,1
404,2,134,1
404,2,135,1
404,2,136,1
404,2,137,1
404,2,138,1
404,2,139,1
404,2,142,1
404,2,143,1
404,2,144,1
404,2,146,1
404,2,150,1
404,2,151,1
404,2,152,1
404,2,155,1
404,2,156,1
404,2,157,1
404,2,158,1
405,1,35,0
405,1,37,1
405,1,59,0
405,1,60,0
405,1,73,0
405,1,75,0
405,1,79,1
405,1,116,0
405,1,119,1
405,1,128,0
405,1,134,1
405,1,135,0
405,1,140,1
405,1,144,1
405,1,149,1
405,1,180,0
405,1,195,1
405,1,235,0
405,1,238,1
405,1,253,1
405,1,299,0
405,1,301,0
405,2,1,1
405,2,2,1
405,2,4,1
405,2,5,1
405,2,6,1
405,2,8,1
405,2,9,1
405,2,11,1
405,2,13,1
405,2,14,1
405,2,15,1
405,2,17,1
405,2,18,1
405,2,19,1
405,2,20,1
405,2,22,1
405,2,23,1
405,2,24,1
405,2,25,1
405,2,26,1
405,2,27,1
405,2,28,1
405,2,29,1
405,2,30,1
405,2,32,1
405,2,33,1
405,2,34,1
405,2,35,1
405,2,37,1
405,2,38,1
405,2,39,1
405,2,41,1
405,2,42,1
405,2,44,1
405,2,45,1
405,2,46,1
405,2,47,1
405,2,49,1
405,2,50,1
405,2,52,1
405,2,54,1
405,2,55,1
405,2,56,1
405,2,58,1
405,2,59,1
405,2,60,1
405,2,62,1
405,2,63,1
405,2,64,1
405,2,65,1
405,2,66,1
405,2,67,1
405,2,69,1
405,2,70,1
405,2,71,1
405,2,72,1
405,2,74,1
405,2,77,1
405,2,78,1
405,2,79,1
405,2,80,1
405,2,82,1
405,2,84,1
405,2,86,1
405,2,87,1
405,2,88,1
405,2,89,1
405,2,91,1
405,2,92,1
405,2,93,1
405,2,94,1
405,2,96,1
405,2,97,1
405,2,98,1
405,2,99,1
405,2,100,1
405,2,101,1
405,2,102,1
405,2,103,1
405,2,104,1
405,2,105,1
405,2,106,1
405,2,107,1
405,2,109,1
405,2,110,1
405,2,111,1
405,2,112,1
405,2,114,1
405,2,115,1
405,2,116,1
405,2,118,1
405,2,119,1
405,2,120,1
405,2,121,1
405,2,123,1
405,2,124,1
405,2,125,1
405,2,126,1
405,2,127,1
405,2,128,1
405,2,129,1
405,2,130,1
405,2,132,1
405,2,134,1
405,2,135,1
405,2,136,1
405,2,137,1
405,2,138,1
405,2,139,1
405,2,140,1
405,2,141,1
405,2,142,1
405,2,143,1
405,2,144,1
405,2,146,1
405,2,147,1
405,2,148,1
405,2,149,1
405,2,151,1
405,2,152,1
405,2,153,1
405,2,154,1
405,2,155,1
405,2,157,1
405,2,158,1
405,2,159,1
406,1,2,0
406,1,5,1
406,1,6,1
406,1,10,1
406,1,11,1
406,1,14,1
406,1,16,0
406,1,18,1
406,1,19,1
406,1,24,1
406,1,26,1
406,1,27,1
406,1,28,0
406,1,29,1
406,1,32,0
406,1,33,0
406,1,34,1
406,1,35,0
406,1,37,1
406,1,47,0
406,1,52,0
406,1,53,1
406,1,55,0
406,1,57,1
406,1,92,1
406,1,93,0
406,1,94,1
406,1,95,0
406,1,96,1
406,1,99,0
406,1,100,1
406,1,101,0
406,1,103,0
406,1,105,1
406,1,107,1
406,1,114,0
406,1,117,0
406,1,121,0
406,1,122,1
406,1,124,0
406,1,125,1
406,1,129,1
406,1,146,0
406,1,147,0
406,1,148,0
406,1,150,1
406,1,151,1
406,1,152,0
406,1,153,1
406,1,155,0
406,1,157,1
406,1,158,0
406,1,159,0
406,1,161,1
406,1,164,1
406,1,165,1
406,1,166,0
406,1,167,1
406,1,173,0
406,1,175,0
406,1,176,0
406,1,178,1
406,1,179,1
406,1,180,1
406,1,181,1
406,1,182,0
406,1,184,0
406,1,187,1
406,1,194,1
406,1,196,1
406,1,200,1
406,1,206,1
406,1,213,0
406,1,214,0
406,1,216,1
406,1,217,1
406,1,222,1
406,1,224,1
406,1,230,0
406,1,231,0
406,1,232,0
406,1,235,1
406,1,236,0
406,1,240,0
406,1,241,0
406,1,244,1
406,1,246,1
406,1,248,1
406,1,254,0
406,1,255,0
406,1,256,1
406,1,257,1
406,1,258,0
406,1,259,0
406,1,260,0
406,1,271,0
406,1,272,0
406,1,273,0
406,1,274,0
406,1,275,0
406,1,276,0
406,1,277,1
406,1,278,1
406,1,279,1
406,1,280,1
406,1,281,1
406,1,283,1
406,1,285,0
406,1,288,1
406,1,290,1
406,1,291,0
406,1,292,1
406,1,293,0
406,1,294,1
406,1,295,1
406,1,296,0
406,1,297,1
406,1,298,0
406,1,299,1
406,1,300,0
406,1,301,1
406,1,302,0
406,1,303,0
406,1,304,1
406,1,306,0
406,1,307,0
406,1,308,1
406,1,309,0
406,1,310,1
406,2,1,1
406,2,2,1
406,2,3,1
406,2,4,1
406,2,5,1
406,2,6,1
406,2,7,1
406,2,9,1
406,2,10,1
406,2,11,1
406,2,15,1
406,2,16,1
406,2,18,1
406,2,19,1
406,2,22,1
406,2,33,1
406,2,34,0
406,2,36,1
406,2,37,1
406,2,38,0
406,2,39,1
406,2,42,1
406,2,43,1
406,2,44,1
406,2,47,1
406,2,48,1
406,2,49,1
406,2,50,1
406,2,51,1
406,2,52,1
406,2,55,1
406,2,56,1
406,2,57,1
406,2,58,1
406,2,60,1
406,2,62,1
406,2,65,1
406,2,67,1
406,2,68,1
406,2,69,1
406,2,75,1
406,2,76,1
406,2,78,1
406,2,79,1
406,2,82,1
406,2,83,1
406,2,84,1
406,2,85,1
406,2,86,1
406,2,87,1
406,2,88,0
406,2,89,1
406,2,91,1
406,2,92,1
406,2,93,0
406,2,95,1
406,2,96,0
406,2,97,1
406,2,98,1
406,2,99,1
406,2,101,1
406,2,103,1
406,2,104,1
406,2,109,1
406,2,110,1
406,2,111,1
406,2,112,1
406,2,113,1
406,2,115,1
406,2,116,1
406,2,117,1
406,2,118,1
406,2,119,1
406,2,121,1
406,2,122,1
406,2,123,1
406,2,124,0
406,2,125,1
406,2,126,1
406,2,129,1
406,2,130,1
406,2,131,1
406,2,132,1
406,2,133,1
406,2,135,1
406,2,137,1
406,2,138,1
406,2,141,1
406,2,142,0
406,2,144,1
406,2,145,1
406,2,147,1
406,2,148,1
406,2,149,0
406,2,151,1
406,2,152,0
406,2,155,1
406,2,156,1
406,2,157,1
406,2,158,1
407,1,5,0
407,1,8,1
407,1,9,1
407,1,13,1
407,1,14,1
407,1,16,0
407,1,17,1
407,1,19,1
407,1,20,0
407,1,21,1
407,1,22,0
407,1,23,1
407,1,25,1
407,1,26,1
407,1,27,1
407,1,28,1
407,1,31,1
407,1,33,1
407,1,35,1
407,1,36,1
407,1,37,0
407,1,39,1
407,1,48,1
407,1,49,1
407,1,51,0
407,1,53,1
407,1,56,0
407,1,61,0
407,1,62,0
407,1,76,0
407,1,78,0
407,1,81,1
407,1,96,1
407,1,100,1
407,1,101,1
407,1,105,1
407,1,106,1
407,1,107,0
407,1,109,1
407,1,110,0
407,1,111,0
407,1,115,1
407,1,117,0
407,1,118,0
407,1,120,0
407,1,130,1
407,1,136,0
407,1,148,0
407,1,152,0
407,1,157,0
407,1,172,0
407,1,185,1
407,1,202,1
407,1,208,0
407,1,217,0
407,1,225,1
407,1,226,1
407,1,227,1
407,1,229,1
407,1,235,0
407,1,237,0
407,1,238,1
407,1,261,1
407,1,263,1
407,1,272,0
407,1,276,0
407,1,277,0
407,1,294,0
407,1,295,1
407,1,302,1
407,2,2,1
407,2,3,1
407,2,5,1
407,2,7,1
407,2,8,1
407,2,9,1
407,2,13,1
407,2,14,1
407,2,17,1
407,2,20,1
407,2,21,1
407,2,24,1
407,2,26,1
407,2,28,1
407,2,29,1
407,2,30,1
407,2,31,1
407,2,32,1
407,2,33,1
407,2,34,1
407,2,36,1
407,2,37,1
407,2,38,1
407,2,40,1
407,2,41,1
407,2,44,1
407,2,45,1
407,2,46,1
407,2,47,1
407,2,49,1
407,2,50,1
407,2,51,1
407,2,52,1
407,2,54,1
407,2,55,1
407,2,56,1
407,2,58,1
407,2,59,1
407,2,60,1
407,2,62,1
407,2,65,1
407,2,66,1
407,2,69,1
407,2,70,1
407,2,71,1
407,2,72,1
407,2,73,1
407,2,74,1
407,2,76,1
407,2,78,1
407,2,79,1
407,2,82,1
407,2,83,1
407,2,84,1
407,2,87,1
407,2,88,1
407,2,89,1
407,2,91,1
407,2,92,1
407,2,93,1
407,2,94,1
407,2,95,1
407,2,96,1
407,2,97,1
407,2,98,1
407,2,100,1
407,2,101,1
407,2,102,1
407,2,103,1
407,2,105,1
407,2,107,1
407,2,108,1
407,2,110,1
407,2,111,1
407,2,112,1
407,2,113,1
407,2,114,1
407,2,115,1
407,2,117,1
407,2,119,1
407,2,122,0
407,2,124,1
407,2,126,1
407,2,127,1
407,2,128,1
407,2,129,1
407,2,130,1
407,2,132,1
407,2,133,1
407,2,134,1
407,2,135,1
407,2,137,1
407,2,138,1
407,2,139,1
407,2,140,1
407,2,141,1
407,2,143,1
407,2,144,1
407,2,145,1
407,2,146,1
407,2,149,1
407,2,150,1
407,2,153,1
407,2,154,1
407,2,155,1
407,2,157,1
407,2,158,1
407,2,160,1
408,1,1,1
408,1,3,1
408,1,4,0
408,1,6,1
408,1,8,1
408,1,9,1
408,1,10,1
408,1,11,1
408,1,13,1
408,1,14,0
408,1,15,1
408,1,16,1
408,1,17,0
408,1,19,0
408,1,20,1
408,1,21,0
408,1,22,0
408,1,23,1
408,1,25,1
408,1,27,0
408,1,28,0
408,1,29,0
408,1,33,1
408,1,34,0
408,1,35,1
408,1,36,1
408,1,41,1
408,1,42,1
408,1,44,1
408,1,45,0
408,1,46,0
408,1,47,1
408,1,49,1
408,1,51,0
408,1,53,0
408,1,54,0
408,1,55,1
408,1,56,1
408,1,58,1
408,1,59,0
408,1,60,1
408,1,61,0
408,1,65,0
408,1,66,0
408,1,67,1
408,1,68,0
408,1,69,0
408,1,71,0
408,1,72,1
408,1,73,1
408,1,74,1
408,1,75,0
408,1,76,1
408,1,77,0
408,1,79,1
408,1,80,0
408,1,82,0
408,1,83,0
408,1,84,0
408,1,85,1
408,1,86,0
408,1,87,1
408,1,89,1
408,1,90,1
408,1,91,0
408,1,92,0
408,1,96,1
408,1,97,1
408,1,100,1
408,1,101,0
408,1,105,1
408,1,106,1
408,1,107,1
408,1,108,0
408,1,109,0
408,1,110,1
408,1,112,0
408,1,113,0
408,1,114,1
408,1,115,0
408,1,116,1
408,1,117,1
408,1,118,0
408,1,119,0
408,1,121,1
408,1,122,0
408,1,124,0
408,1,125,0
408,1,128,0
408,1,129,0
408,1,130,0
408,1,133,0
408,1,134,1
408,1,135,0
408,1,136,0
408,1,137,1
408,1,138,0
408,1,139,0
408,1,140,1
408,1,141,1
408,1,143,0
408,1,144,1
408,1,145,0
408,1,146,1
408,1,149,0
408,1,150,0
408,1,151,1
408,1,153,1
408,1,154,1
408,1,155,0
408,1,158,0
408,1,160,0
408,1,161,1
408,1,163,1
408,1,164,1
408,1,165,1
408,1,166,1
408,1,167,0
408,1,168,0
408,1,169,0
408,1,170,1
408,1,171,1
408,1,172,0
408,1,173,1
408,1,174,1
408,1,175,0
408,1,178,1
408,1,179,0
408,1,181,0
408,1,182,0
408,1,183,0
408,1,184,1
408,1,185,1
408,1,186,1
408,1,187,1
408,1,188,0
408,1,189,0
408,1,190,0
408,1,191,1
408,1,192,1
408,1,193,0
408,1,194,1
408,1,195,1
408,1,196,1
408,1,197,0
408,1,198,0
408,1,199,0
408,1,200,0
408,1,203,1
408,1,204,0
408,1,205,1
408,1,206,1
408,1,207,0
408,1,208,0
408,1,209,1
408,1,210,1
408,1,211,1
408,1,212,1
408,1,214,0
408,1,215,1
408,1,216,0
408,1,218,0
408,1,219,1
408,1,220,1
408,1,221,1
408,1,222,1
408,1,223,1
408,1,225,1
408,1,226,1
408,1,227,0
408,1,228,0
408,1,229,1
408,1,230,0
408,1,231,1
408,1,232,1
408,1,233,1
408,1,234,0
408,1,235,0
408,1,236,0
408,1,238,1
408,1,239,1
408,1,240,1
408,2,2,1
408,2,3,1
408,2,4,1
408,2,5,1
408,2,7,1
408,2,8,1
408,2,10,1
408,2,11,1
408,2,13,1
408,2,14,1
408,2,15,1
408,2,20,1
408,2,23,1
408,2,24,1
408,2,26,1
408,2,27,1
408,2,33,1
408,2,34,1
408,2,36,1
408,2,37,1
408,2,41,1
408,2,46,1
408,2,47,1
408,2,48,1
408,2,50,1
408,2,51,1
408,2,55,1
408,2,58,1
408,2,59,1
408,2,65,1
408,2,68,1
408,2,70,1
408,2,74,1
408,2,76,1
408,2,77,1
408,2,78,1
408,2,79,1
408,2,80,1
408,2,81,1
408,2,85,1
408,2,88,1
408,2,89,1
408,2,91,1
408,2,93,1
408,2,95,1
408,2,97,1
408,2,98,1
408,2,99,1
408,2,101,1
408,2,103,1
408,2,104,1
408,2,106,1
408,2,107,1
408,2,108,1
408,2,110,1
408,2,112,1
408,2,119,1
408,2,121,1
408,2,122,1
408,2,123,1
408,2,126,1
408,2,129,1
408,2,130,1
408,2,134,1
408,2,136,1
408,2,137,1
408,2,138,1
408,2,139,1
408,2,140,1
408,2,144,1
408,2,145,1
408,2,147,1
408,2,148,1
408,2,149,1
408,2,150,0
408,2,152,1
408,2,153,1
408,2,154,1
408,2,155,1
408,2,159,1
409,1,2,0
409,1,3,1
409,1,11,0
409,1,13,1
409,1,15,1
409,1,16,0
409,1,18,1
409,1,23,0
409,1,31,1
409,1,32,0
409,1,33,0
409,1,34,0
409,1,41,0
409,1,58,1
409,1,62,1
409,1,79,1
409,1,93,1
409,1,95,0
409,1,103,1
409,1,114,0
409,1,116,0
409,1,133,1
409,1,169,0
409,1,197,0
409,1,198,0
409,1,212,0
409,1,215,1
409,1,241,0
409,1,260,0
409,1,266,0
409,2,2,1
409,2,3,1
409,2,4,1
409,2,6,1
409,2,8,1
409,2,9,1
409,2,10,1
409,2,16,1
409,2,17,1
409,2,19,1
409,2,22,1
409,2,24,1
409,2,25,1
409,2,27,1
409,2,28,1
409,2,32,1
409,2,33,1
409,2,35,1
409,2,36,1
409,2,40,1
409,2,42,1
409,2,43,1
409,2,44,1
409,2,46,1
409,2,47,1
409,2,48,1
409,2,50,1
409,2,51,1
409,2,54,1
409,2,56,1
409,2,57,1
409,2,58,1
409,2,60,1
409,2,61,1
409,2,62,1
409,2,63,1
409,2,65,1
409,2,66,1
409,2,68,1
409,2,69,1
409,2,70,1
409,2,71,1
409,2,73,1
409,2,74,1
409,2,75,1
409,2,77,1
409,2,78,1
409,2,79,1
409,2,85,1
409,2,86,1
409,2,88,1
409,2,89,1
409,2,91,1
409,2,95,1
409,2,97,1
409,2,98,1
409,2,99,1
409,2,101,1
409,2,102,1
409,2,103,1
409,2,104,1
409,2,105,1
409,2,107,1
409,2,108,1
409,2,109,1
409,2,110,1
409,2,111,1
409,2,112,1
409,2,113,1
409,2,114,1
409,2,116,1
409,2,117,1
409,2,118,1
409,2,120,1
409,2,121,1
409,2,122,1
409,2,124,1
409,2,125,1
409,2,126,1
409,2,128,1
409,2,129,1
409,2,130,1
409,2,131,1
409,2,132,1
409,2,133,1
409,2,134,1
409,2,135,1
409,2,136,1
409,2,137,1
409,2,138,1
409,2,139,1
409,2,141,1
409,2,144,1
409,2,146,1
409,2,148,1
409,2,149,1
409,2,150,1
409,2,151,1
409,2,153,1
409,2,154,1
409,2,155,1
409,2,157,1
409,2,159,1
410,1,4,0
410,1,6,1
410,1,7,0
410,1,8,0
410,1,9,0
410,1,13,0
410,1,14,0
410,1,15,1
410,1,17,1
410,1,18,0
410,1,22,1
410,1,24,0
410,1,25,0
410,1,26,1
410,1,27,1
410,1,28,1
410,1,30,0
410,1,31,0
410,1,33,0
410,1,35,1
410,1,37,1
410,1,38,0
410,1,39,1
410,1,50,0
410,1,51,1
410,1,52,0
410,1,53,0
410,1,54,0
410,1,57,0
410,1,59,0
410,1,60,1
410,1,61,1
410,1,62,0
410,1,64,1
410,1,65,0
410,1,66,0
410,1,67,0
410,1,69,0
410,1,70,1
410,1,71,1
410,1,73,1
410,1,74,1
410,1,75,1
410,1,77,0
410,1,78,1
410,1,79,1
410,1,85,1
410,1,87,0
410,1,90,1
410,1,92,0
410,1,93,0
410,1,94,1
410,1,95,1
410,1,110,1
410,1,111,1
410,1,112,1
410,1,113,0
410,1,114,0
410,1,116,1
410,1,117,0
410,1,118,1
410,1,119,0
410,1,120,0
410,1,124,1
410,1,125,1
410,1,126,1
410,1,128,0
410,1,129,1
410,1,131,1
410,1,132,1
410,1,133,1
410,1,135,1
410,1,137,0
410,1,138,0
410,1,139,0
410,1,144,0
410,1,145,1
410,1,146,0
410,1,148,0
410,1,149,1
410,1,150,0
410,1,151,1
410,1,152,0
410,1,153,0
410,1,154,0
410,1,155,0
410,1,156,0
410,1,157,0
410,1,159,0
410,1,165,1
410,1,167,0
410,1,168,0
410,1,169,1
410,1,170,1
410,1,172,0
410,1,173,0
410,1,174,0
410,1,175,0
410,1,177,0
410,1,178,0
410,1,179,1
410,1,181,0
410,1,184,1
410,1,186,1
410,1,193,0
410,1,215,0
410,1,225,0
410,1,228,1
410,2,1,1
410,2,2,1
410,2,5,1
410,2,6,1
410,2,8,1
410,2,10,0
410,2,14,1
410,2,15,1
410,2,17,1
410,2,18,1
410,2,19,1
410,2,20,1
410,2,21,1
410,2,23,1
410,2,27,1
410,2,30,1
410,2,33,1
410,2,34,1
410,2,37,1
410,2,38,1
410,2,39,1
410,2,42,1
410,2,43,1
410,2,47,1
410,2,48,1
410,2,49,1
410,2,51,1
410,2,55,1
410,2,56,1
410,2,57,1
410,2,58,1
410,2,59,1
410,2,60,1
410,2,65,1
410,2,68,1
410,2,69,1
410,2,70,1
410,2,72,1
410,2,73,1
410,2,74,1
410,2,76,1
410,2,77,1
410,2,78,1
410,2,80,1
410,2,81,1
410,2,83,1
410,2,84,1
410,2,85,1
410,2,86,1
410,2,87,1
410,2,89,1
410,2,92,1
410,2,95,1
410,2,96,1
410,2,98,1
410,2,100,1
410,2,101,1
410,2,102,1
410,2,106,1
410,2,107,1
410,2,108,1
410,2,110,1
410,2,111,1
410,2,113,1
410,2,115,1
410,2,116,1
410,2,118,1
410,2,119,1
410,2,121,1
410,2,126,1
410,2,129,1
410,2,131,1
410,2,136,1
410,2,137,1
410,2,138,1
410,2,141,1
410,2,142,1
410,2,144,1
410,2,146,1
410,2,147,1
410,2,149,1
410,2,150,1
410,2,151,1
410,2,152,1
410,2,153,1
410,2,155,1
410,2,157,1
410,2,160,1
411,1,2,1
411,1,4,1
411,1,5,0
411,1,6,1
411,1,9,0
411,1,10,1
411,1,11,0
411,1,14,1
411,1,15,1
411,1,17,1
411,1,19,0
411,1,20,0
411,1,23,1
411,1,24,0
411,1,25,0
411,1,28,1
411,1,29,0
411,1,30,0
411,1,31,0
411,1,33,0
411,1,34,1
411,1,37,1
411,1,38,1
411,1,41,1
411,1,43,1
411,1,44,1
411,1,46,1
411,1,47,1
411,1,48,1
411,1,49,1
411,1,50,1
411,1,52,0
411,1,53,0
411,1,54,1
411,1,57,0
411,1,59,0
411,1,60,0
411,1,62,1
411,1,64,1
411,1,65,1
411,1,66,0
411,1,68,0
411,1,69,0
411,1,71,1
411,1,73,1
411,1,74,1
411,1,75,1
411,1,76,1
411,1,77,1
411,1,79,1
411,1,82,1
411,1,84,0
411,1,85,1
411,1,87,1
411,1,88,1
411,1,89,1
411,1,91,0
411,1,93,0
411,1,94,0
411,1,95,0
411,1,97,0
411,1,98,0
411,1,103,1
411,1,104,1
411,1,105,1
411,1,106,1
411,1,114,1
411,1,117,1
411,1,118,0
411,1,119,0
411,1,121,1
411,1,123,1
411,1,124,0
411,1,125,0
411,1,128,0
411,1,130,0
411,1,131,0
411,1,134,0
411,1,135,0
411,1,136,1
411,1,137,1
411,1,138,0
411,1,141,1
411,1,142,0
411,1,144,1
411,1,145,1
411,1,148,1
411,1,149,0
411,1,150,0
411,1,151,1
411,1,152,1
411,1,155,1
411,1,156,1
411,1,157,0
411,1,159,1
411,1,160,0
411,1,161,1
411,1,163,1
411,1,164,0
411,1,165,1
411,1,166,1
411,1,167,0
411,1,168,0
411,1,171,1
411,1,173,1
411,1,175,0
411,2,1,1
411,2,3,1
411,2,4,1
411,2,5,1
411,2,6,1
411,2,7,1
411,2,9,1
411,2,10,1
411,2,11,1
411,2,12,1
411,2,14,1
411,2,15,1
411,2,16,1
411,2,17,1
411,2,18,1
411,2,19,1
411,2,20,1
411,2,21,1
411,2,23,1
411,2,24,1
411,2,25,1
411,2,27,1
411,2,28,1
411,2,29,1
411,2,30,1
411,2,31,1
411,2,32,1
411,2,33,1
411,2,35,1
411,2,36,1
411,2,37,1
411,2,38,1
411,2,40,1
411,2,42,1
411,2,43,1
411,2,44,1
411,2,45,1
411,2,46,1
411,2,47,1
411,2,49,1
411,2,50,1
411,2,51,1
411,2,52,1
411,2,53,1
411,2,54,1
411,2,55,1
411,2,56,0
411,2,58,1
411,2,59,1
411,2,60,1
411,2,63,1
411,2,66,1
411,2,67,1
411,2,68,0
411,2,69,1
411,2,70,1
411,2,71,1
411,2,74,1
411,2,75,1
411,2,76,1
411,2,77,1
411,2,78,1
411,2,80,1
411,2,81,1
411,2,82,1
411,2,83,1
411,2,85,1
411,2,86,1
411,2,87,1
411,2,88,1
411,2,89,1
411,2,91,1
411,2,92,1
411,2,93,1
411,2,95,1
411,2,96,1
411,2,97,1
411,2,98,1
411,2,99,1
411,2,101,1
411,2,102,1
411,2,104,1
411,2,105,0
411,2,106,1
411,2,107,1
411,2,108,1
411,2,109,1
411,2,111,1
411,2,112,1
411,2,113,1
411,2,114,1
411,2,116,1
411,2,117,1
411,2,118,1
411,2,119,1
411,2,122,1
411,2,123,1
411,2,124,1
411,2,125,1
411,2,126,1
411,2,129,1
411,2,132,1
411,2,136,1
411,2,137,1
411,2,138,1
411,2,140,1
411,2,141,1
411,2,142,1
411,2,143,1
411,2,144,0
411,2,145,1
411,2,148,1
411,2,149,1
411,2,150,1
411,2,151,1
411,2,152,1
411,2,153,1
411,2,155,1
411,2,157,1
411,2,159,1
412,1,3,0
412,1,4,1
412,1,5,1
412,1,7,0
412,1,8,0
412,1,9,1
412,1,12,0
412,1,14,1
412,1,15,1
412,1,18,1
412,1,19,0
412,1,20,1
412,1,21,1
412,1,22,0
412,1,23,1
412,1,25,1
412,1,26,1
412,1,27,0
412,1,29,0
412,1,30,1
412,1,31,1
412,1,32,1
412,1,33,1
412,1,35,1
412,1,36,0
412,1,37,0
412,1,38,1
412,1,42,1
412,1,43,0
412,1,44,0
412,1,46,1
412,1,50,1
412,1,51,1
412,1,53,1
412,1,54,1
412,1,55,1
412,1,56,0
412,1,58,1
412,1,59,0
412,1,60,0
412,1,62,1
412,1,63,0
412,1,64,0
412,1,66,0
412,1,67,0
412,1,68,0
412,1,69,0
412,1,70,0
412,1,71,1
412,1,72,0
412,1,73,0
412,1,75,1
412,1,76,1
412,1,77,0
412,1,78,0
412,1,79,0
412,1,80,0
412,1,83,0
412,1,85,1
412,1,86,1
412,1,88,0
412,1,89,1
412,1,90,0
412,1,92,0
412,1,93,0
412,1,94,1
412,1,95,1
412,1,96,1
412,1,97,0
412,1,98,1
412,1,99,1
412,1,102,1
412,1,103,0
412,1,104,0
412,1,105,1
412,1,107,1
412,1,109,0
412,1,111,1
412,1,112,1
412,1,113,0
412,1,115,1
412,1,116,1
412,1,118,0
412,1,119,0
412,1,125,1
412,1,126,1
412,1,127,0
412,1,128,0
412,1,129,1
412,1,132,0
412,1,133,1
412,1,134,0
412,1,136,1
412,1,137,1
412,1,138,1
412,1,139,0
412,1,140,0
412,1,141,0
412,1,142,1
412,1,143,1
412,1,145,1
412,1,146,0
412,1,147,1
412,1,148,1
412,1,149,1
412,1,151,1
412,1,152,1
412,1,155,1
412,1,156,1
412,1,164,1
412,1,165,0
412,1,168,1
412,1,169,1
412,1,170,0
412,1,171,0
412,1,172,0
412,1,173,1
412,1,174,1
412,1,175,0
412,1,176,1
412,1,177,0
412,1,178,1
412,1,179,1
412,1,180,1
412,1,183,0
412,1,185,1
412,1,186,1
412,1,187,0
412,1,188,1
412,1,189,0
412,1,190,0
412,1,191,0
412,1,192,1
412,1,193,1
412,1,194,0
412,1,195,0
412,1,196,0
412,1,197,0
412,1,198,1
412,1,200,0
412,1,204,1
412,1,205,1
412,1,206,0
412,1,209,1
412,1,210,1
412,1,211,0
412,1,212,0
412,1,213,0
412,1,216,1
412,1,220,0
412,1,222,0
412,1,223,1
412,1,224,1
412,1,227,0
412,1,229,1
412,1,230,1
412,1,231,1
412,1,234,1
412,1,235,0
412,1,236,1
412,1,240,1
412,2,2,1
412,2,3,1
412,2,4,1
412,2,6,1
412,2,8,1
412,2,9,1
412,2,10,1
412,2,11,1
412,2,13,1
412,2,14,1
412,2,15,1
412,2,18,1
412,2,19,1
412,2,20,1
412,2,22,1
412,2,23,1
412,2,24,1
412,2,25,1
412,2,26,1
412,2,27,1
412,2,28,1
412,2,29,1
412,2,30,1
412,2,32,1
412,2,33,1
412,2,34,1
412,2,35,1
412,2,36,1
412,2,37,1
412,2,38,1
412,2,40,1
412,2,42,1
412,2,43,1
412,2,45,1
412,2,47,1
412,2,48,1
412,2,49,1
412,2,51,1
412,2,52,1
412,2,53,1
412,2,54,1
412,2,55,1
412,2,57,1
412,2,60,1
412,2,61,1
412,2,62,1
412,2,63,1
412,2,65,1
412,2,66,1
412,2,67,1
412,2,68,1
412,2,71,1
412,2,72,1
412,2,73,1
412,2,75,1
412,2,76,1
412,2,77,1
412,2,78,1
412,2,81,1
412,2,82,1
412,2,84,1
412,2,85,1
412,2,86,1
412,2,87,1
412,2,89,1
412,2,90,1
412,2,91,1
412,2,92,1
412,2,93,1
412,2,96,1
412,2,97,1
412,2,98,1
412,2,99,1
412,2,100,1
412,2,101,1
412,2,102,1
412,2,105,1
412,2,106,1
412,2,107,1
412,2,108,1
412,2,110,1
412,2,111,1
412,2,112,1
412,2,113,1
412,2,115,1
412,2,116,1
412,2,117,1
412,2,118,1
412,2,119,1
412,2,121,1
412,2,122,1
412,2,124,1
412,2,125,1
412,2,126,1
412,2,128,1
412,2,130,1
412,2,131,1
412,2,132,1
412,2,133,1
412,2,135,1
412,2,136,1
412,2,137,1
412,2,138,1
412,2,139,1
412,2,141,1
412,2,142,1
412,2,143,1
412,2,144,1
412,2,145,1
412,2,146,1
412,2,147,1
412,2,148,1
412,2,150,1
412,2,151,1
412,2,152,1
412,2,154,1
412,2,155,1
412,2,156,1
412,2,157,1
412,2,158,1
412,2,159,1
413,1,13,0
413,1,14,1
413,1,15,1
413,1,16,1
413,1,18,1
413,1,19,1
413,1,20,1
413,1,57,0
413,1,67,1
413,1,68,1
413,1,70,1
413,1,72,0
413,1,77,0
413,1,82,1
413,1,83,1
413,1,84,1
413,1,105,1
413,1,106,1
413,1,121,1
413,1,135,0
413,1,139,0
413,1,143,0
413,1,148,1
413,1,154,1
413,1,166,1
413,1,174,0
413,1,175,1
413,1,179,0
413,1,182,1
413,1,188,1
413,1,207,0
413,1,210,0
413,1,212,0
413,1,221,1
413,1,223,1
413,1,232,1
413,1,233,1
413,1,239,0
413,1,250,1
413,1,252,0
413,1,253,0
413,1,254,1
413,1,273,1
413,1,274,1
413,1,275,0
413,1,276,0
413,1,283,0
413,1,286,0
413,1,288,0
413,1,292,0
413,1,298,0
413,1,301,0
413,1,303,0
413,1,306,0
413,1,307,1
413,1,308,0
413,1,311,0
413,2,2,1
413,2,3,1
413,2,4,1
413,2,7,1
413,2,9,1
413,2,10,1
413,2,12,1
413,2,13,1
413,2,14,1
413,2,15,1
413,2,16,1
413,2,17,1
413,2,18,0
413,2,19,1
413,2,21,1
413,2,22,1
413,2,26,1
413,2,28,1
413,2,29,1
413,2,30,1
413,2,31,1
413,2,32,1
413,2,35,1
413,2,37,1
413,2,38,1
413,2,39,1
413,2,41,1
413,2,44,1
413,2,45,1
413,2,46,1
413,2,47,1
413,2,48,1
413,2,50,1
413,2,51,1
413,2,52,1
413,2,53,1
413,2,55,1
413,2,57,1
413,2,58,1
413,2,60,1
413,2,61,1
413,2,64,1
413,2,65,1
413,2,66,1
413,2,67,1
413,2,68,1
413,2,69,1
413,2,70,1
413,2,72,1
413,2,74,1
413,2,76,1
413,2,77,1
413,2,81,1
413,2,82,1
413,2,84,1
413,2,85,1
413,2,86,1
413,2,87,1
413,2,88,1
413,2,90,1
413,2,91,1
413,2,92,1
413,2,95,1
413,2,96,1
413,2,98,1
413,2,99,0
413,2,102,1
413,2,103,1
413,2,104,1
413,2,105,1
413,2,107,1
413,2,108,1
413,2,109,1
413,2,110,1
413,2,111,1
413,2,112,1
413,2,113,1
413,2,115,1
413,2,117,1
413,2,119,1
413,2,122,1
413,2,123,0
413,2,125,1
413,2,126,1
413,2,127,1
413,2,129,1
413,2,131,1
413,2,133,1
413,2,134,1
413,2,137,1
413,2,138,1
413,2,139,1
413,2,141,1
413,2,143,1
413,2,144,1
413,2,146,1
413,2,148,1
413,2,149,1
413,2,150,1
413,2,152,1
413,2,153,1
413,2,154,1
413,2,155,1
413,2,157,1
413,2,159,1
413,2,160,1
415,1,2,0
415,1,3,0
415,1,4,1
415,1,5,0
415,1,6,1
415,1,8,1
415,1,9,0
415,1,10,1
415,1,11,1
415,1,13,0
415,1,14,1
415,1,15,0
415,1,17,0
415,1,18,0
415,1,20,1
415,1,22,0
415,1,23,1
415,1,24,1
415,1,25,0
415,1,27,1
415,1,28,1
415,1,29,0
415,1,32,0
415,1,33,1
415,1,35,0
415,1,37,1
415,1,38,1
415,1,39,0
415,1,40,0
415,1,41,1
415,1,42,0
415,1,44,0
415,1,49,1
415,1,50,1
415,1,53,0
415,1,54,0
415,1,55,0
415,1,56,0
415,1,57,1
415,1,58,0
415,1,59,1
415,1,60,0
415,1,62,1
415,1,63,0
415,1,64,0
415,1,66,1
415,1,67,1
415,1,71,0
415,1,74,1
415,1,75,1
415,1,77,1
415,1,78,0
415,1,79,1
415,1,81,0
415,1,84,1
415,1,86,1
415,1,87,0
415,1,89,1
415,1,90,1
415,1,91,1
415,1,103,0
415,1,145,0
415,1,146,1
415,1,191,0
415,2,8,1
415,2,9,1
415,2,20,1
415,2,33,1
415,2,39,1
415,2,41,1
415,2,44,1
415,2,45,1
415,2,48,0
415,2,49,1
415,2,53,1
415,2,54,1
415,2,55,1
415,2,56,1
415,2,58,1
415,2,59,0
415,2,60,1
415,2,61,1
415,2,62,1
415,2,64,1
415,2,65,1
415,2,67,1
415,2,73,1
415,2,76,1
415,2,77,1
415,2,78,1
415,2,80,1
415,2,83,1
415,2,84,1
415,2,88,1
415,2,89,1
415,2,91,1
415,2,92,0
415,2,94,1
415,2,95,1
415,2,96,1
415,2,97,1
415,2,103,1
415,2,104,1
415,2,107,1
415,2,109,1
415,2,111,1
415,2,113,1
415,2,114,1
415,2,117,1
415,2,118,1
415,2,120,1
415,2,122,1
415,2,125,1
415,2,126,1
415,2,127,1
415,2,128,1
415,2,130,1
415,2,131,1
415,2,136,1
415,2,137,1
415,2,140,1
415,2,142,1
415,2,143,1
415,2,144,1
415,2,146,1
415,2,148,1
415,2,150,1
415,2,151,1
415,2,155,1
415,2,156,1
415,2,158,1
416,1,2,0
416,1,3,0
416,1,9,0
416,1,11,1
416,1,20,1
416,1,22,0
416,1,24,1
416,1,28,1
416,1,32,0
416,1,43,1
416,1,48,1
416,1,52,0
416,1,58,0
416,1,106,1
416,1,114,1
416,1,173,1
416,1,184,0
416,1,186,0
416,1,225,0
416,1,254,1
416,2,4,1
416,2,5,1
416,2,6,1
416,2,7,1
416,2,9,1
416,2,10,1
416,2,11,1
416,2,13,1
416,2,14,1
416,2,15,1
416,2,16,1
416,2,17,1
416,2,18,1
416,2,19,1
416,2,21,1
416,2,23,1
416,2,24,1
416,2,26,1
416,2,27,1
416,2,28,1
416,2,30,1
416,2,31,1
416,2,32,1
416,2,33,1
416,2,34,1
416,2,35,1
416,2,36,1
416,2,37,1
416,2,39,1
416,2,40,1
416,2,41,1
416,2,42,1
416,2,44,1
416,2,45,1
416,2,46,1
416,2,47,1
416,2,49,1
416,2,50,1
416,2,51,1
416,2,53,1
416,2,54,1
416,2,55,1
416,2,57,1
416,2,58,1
416,2,59,1
416,2,61,1
416,2,62,1
416,2,63,1
416,2,65,1
416,2,67,1
416,2,68,1
416,2,69,1
416,2,70,1
416,2,71,1
416,2,72,1
416,2,74,1
416,2,75,1
416,2,76,1
416,2,77,1
416,2,79,1
416,2,81,1
416,2,83,1
416,2,84,1
416,2,85,1
416,2,87,1
416,2,89,1
416,2,91,1
416,2,92,1
416,2,95,1
416,2,96,1
416,2,97,1
416,2,98,1
416,2,99,1
416,2,100,1
416,2,101,1
416,2,102,1
416,2,103,1
416,2,104,1
416,2,105,1
416,2,107,1
416,2,108,1
416,2,109,1
416,2,110,1
416,2,112,1
416,2,113,1
416,2,114,1
416,2,115,1
416,2,117,1
416,2,118,1
416,2,119,1
416,2,120,1
416,2,121,1
416,2,123,1
416,2,124,1
416,2,125,1
416,2,126,1
416,2,127,1
416,2,128,1
416,2,130,1
416,2,131,1
416,2,132,1
416,2,133,1
416,2,135,1
416,2,136,1
416,2,137,1
416,2,139,1
416,2,140,1
416,2,141,1
416,2,142,1
416,2,144,1
416,2,145,1
416,2,146,1
416,2,147,1
416,2,149,1
416,2,150,1
416,2,151,1
416,2,152,1
416,2,153,1
416,2,154,1
416,2,155,1
416,2,156,1
416,2,157,1
416,2,158,1
416,2,159,1
416,2,160,1
417,1,1,0
417,1,2,1
417,1,3,0
417,1,4,1
417,1,7,0
417,1,8,0
417,1,9,1
417,1,10,0
417,1,13,1
417,1,14,0
417,1,15,0
417,1,17,0
417,1,18,0
417,1,19,0
417,1,21,1
417,1,22,0
417,1,23,0
417,1,25,0
417,1,27,1
417,1,29,0
417,1,30,1
417,1,32,1
417,1,34,0
417,1,35,1
417,1,38,1
417,1,39,1
417,1,42,1
417,1,43,0
417,1,44,0
417,1,45,1
417,1,47,1
417,1,49,0
417,1,50,1
417,1,52,0
417,1,53,0
417,1,54,1
417,1,55,0
417,1,58,0
417,1,59,0
417,1,60,0
417,1,62,0
417,1,63,0
417,1,64,0
417,1,67,1
417,1,69,0
417,1,70,0
417,1,71,0
417,1,73,1
417,1,74,1
417,1,76,1
417,1,77,1
417,1,78,0
417,1,80,0
417,1,82,0
417,1,83,1
417,1,85,1
417,1,86,0
417,1,87,0
417,1,90,0
417,1,91,0
417,1,94,1
417,1,95,0
417,1,96,0
417,1,97,0
417,1,99,0
417,1,100,1
417,1,101,0
417,1,103,1
417,1,104,0
417,1,105,1
417,1,106,0
417,1,107,1
417,1,109,0
417,1,110,0
417,1,111,1
417,1,113,0
417,1,114,1
417,1,117,1
417,1,118,1
417,1,119,1
417,1,120,0
417,1,122,1
417,1,124,1
417,1,125,1
417,1,126,1
417,1,127,0
417,1,128,1
417,1,129,0
417,1,130,0
417,1,132,0
417,1,133,1
417,1,134,0
417,1,136,0
417,1,137,1
417,1,139,0
417,1,140,1
417,1,142,1
417,1,143,1
417,1,144,1
417,1,145,1
417,1,146,1
417,1,148,1
417,1,149,0
417,1,150,1
417,1,152,1
417,1,153,1
417,1,154,1
417,1,155,1
417,1,156,1
417,1,163,1
417,1,164,0
417,1,166,0
417,1,167,1
417,1,168,1
417,1,169,1
417,1,170,1
417,1,171,1
417,1,172,1
417,1,173,1
417,1,174,1
417,1,175,0
417,1,176,1
417,1,177,1
417,1,180,1
417,1,183,0
417,1,185,1
417,1,187,1
417,1,188,0
417,1,191,0
417,1,192,0
417,1,195,1
417,1,196,1
417,1,197,0
417,1,199,1
417,1,201,0
417,1,202,1
417,1,203,1
417,1,242,0
417,1,243,1
417,1,244,1
417,1,245,0
417,1,246,1
417,1,248,1
417,1,249,0
417,1,250,0
417,1,251,0
417,1,252,0
417,1,253,1
417,1,254,1
417,1,255,0
417,1,256,1
417,1,258,0
417,1,259,1
417,1,261,0
417,1,262,1
417,1,263,0
417,1,264,1
417,1,266,1
417,1,267,1
417,1,268,0
417,1,270,1
417,1,271,1
417,1,273,0
417,1,274,1
417,1,275,0
417,1,276,1
417,1,277,1
417,1,278,1
417,2,1,1
417,2,2,1
417,2,3,1
417,2,4,1
417,2,6,1
417,2,7,1
417,2,8,1
417,2,9,1
417,2,11,1
417,2,12,1
417,2,13,1
417,2,14,1
417,2,16,1
417,2,17,1
417,2,18,1
417,2,20,1
417,2,21,1
417,2,22,1
417,2,23,1
417,2,24,1
417,2,26,1
417,2,27,1
417,2,29,1
417,2,32,1
417,2,33,1
417,2,34,1
417,2,35,1
417,2,36,1
417,2,37,1
417,2,38,1
417,2,40,1
417,2,41,1
417,2,42,1
417,2,43,1
417,2,44,1
417,2,46,1
417,2,47,1
417,2,48,1
417,2,50,1
417,2,51,1
417,2,52,1
417,2,54,1
417,2,55,1
417,2,56,1
417,2,57,1
417,2,58,1
417,2,59,1
417,2,61,1
417,2,62,1
417,2,63,1
417,2,65,1
417,2,66,1
417,2,67,1
417,2,70,1
417,2,71,1
417,2,72,1
417,2,73,1
417,2,74,1
417,2,75,1
417,2,78,1
417,2,79,1
417,2,81,1
417,2,85,1
417,2,86,1
417,2,87,1
417,2,89,1
417,2,90,1
417,2,92,1
417,2,93,1
417,2,94,1
417,2,95,1
417,2,96,1
417,2,97,1
417,2,99,1
417,2,100,1
417,2,101,1
417,2,103,1
417,2,104,1
417,2,105,1
417,2,106,1
417,2,108,1
417,2,109,1
417,2,110,1
417,2,111,1
417,2,112,1
417,2,115,1
417,2,116,1
417,2,117,1
417,2,119,1
417,2,120,1
417,2,122,1
417,2,123,1
417,2,124,1
417,2,125,1
417,2,127,1
417,2,128,1
417,2,129,1
417,2,130,1
417,2,131,1
417,2,133,1
417,2,134,1
417,2,135,1
417,2,136,1
417,2,137,1
417,2,138,1
417,2,139,1
417,2,141,1
417,2,142,1
417,2,143,1
417,2,144,1
417,2,145,1
417,2,146,1
417,2,149,1
417,2,150,1
417,2,151,1
417,2,153,1
417,2,154,1
417,2,155,1
417,2,157,1
417,2,158,1
417,2,159,1
418,1,2,0
418,1,4,0
418,1,7,1
418,1,9,0
418,1,10,1
418,1,11,0
418,1,12,1
418,1,14,0
418,1,18,0
418,1,19,1
418,1,20,0
418,1,22,0
418,1,23,1
418,1,24,1
418,1,27,1
418,1,28,0
418,1,30,1
418,1,31,0
418,1,32,0
418,1,33,1
418,1,34,1
418,1,35,1
418,1,36,0
418,1,37,0
418,1,38,0
418,1,40,1
418,1,41,1
418,1,42,0
418,1,44,1
418,1,46,0
418,1,48,0
418,1,50,1
418,1,51,0
418,1,52,1
418,1,56,1
418,1,57,1
418,1,58,0
418,1,61,0
418,1,63,0
418,1,64,0
418,1,68,0
418,1,69,0
418,1,71,1
418,1,72,1
418,1,73,1
418,1,75,0
418,1,77,1
418,1,79,0
418,1,80,1
418,1,81,0
418,1,85,0
418,1,89,1
418,1,91,1
418,1,93,1
418,1,94,1
418,1,95,0
418,1,96,1
418,1,97,1
418,1,98,1
418,1,99,1
418,1,100,0
418,1,101,1
418,1,105,1
418,1,106,0
418,1,108,0
418,1,109,0
418,1,110,0
418,1,111,1
418,1,112,0
418,1,115,0
418,1,118,0
418,1,119,0
418,1,121,1
418,1,122,0
418,1,123,1
418,1,124,0
418,1,128,0
418,1,129,1
418,1,135,1
418,1,137,0
418,1,139,0
418,1,141,1
418,1,142,1
418,1,145,1
418,1,146,1
418,1,155,1
418,1,159,0
418,1,160,0
418,1,161,0
418,1,162,1
418,1,164,1
418,1,165,1
418,1,166,1
418,1,167,1
418,1,168,1
418,1,169,0
418,1,171,1
418,1,173,1
418,1,174,1
418,1,176,1
418,1,177,1
418,1,182,1
418,1,183,1
418,1,184,1
418,1,186,0
418,1,188,0
418,1,190,1
418,1,192,0
418,1,193,1
418,1,194,1
418,1,197,1
418,1,200,1
418,1,201,1
418,1,202,0
418,1,205,0
418,1,206,1
418,1,208,1
418,1,210,1
418,1,211,0
418,1,212,1
418,1,215,0
418,1,218,1
418,1,220,1
418,1,221,1
418,1,222,0
418,1,223,0
418,1,224,1
418,1,225,0
418,1,226,1
418,1,227,1
418,1,228,1
418,1,232,1
418,1,234,1
418,1,235,0
418,1,237,0
418,1,238,1
418,1,239,0
418,2,1,1
418,2,2,1
418,2,3,1
418,2,7,1
418,2,9,1
418,2,10,1
418,2,11,1
418,2,12,1
418,2,13,1
418,2,14,1
418,2,18,1
418,2,19,1
418,2,20,1
418,2,22,1
418,2,23,1
418,2,24,1
418,2,26,1
418,2,27,1
418,2,29,0
418,2,31,1
418,2,32,1
418,2,33,1
418,2,35,1
418,2,36,1
418,2,37,1
418,2,41,1
418,2,42,1
418,2,44,1
418,2,45,1
418,2,46,1
418,2,47,1
418,2,50,1
418,2,51,0
418,2,54,1
418,2,55,1
418,2,58,1
418,2,59,1
418,2,60,1
418,2,61,1
418,2,62,1
418,2,63,1
418,2,64,1
418,2,68,1
418,2,69,1
418,2,70,1
418,2,75,1
418,2,77,1
418,2,78,1
418,2,79,1
418,2,81,1
418,2,84,1
418,2,85,1
418,2,87,1
418,2,88,1
418,2,89,1
418,2,91,1
418,2,92,1
418,2,93,1
418,2,94,1
418,2,96,1
418,2,97,1
418,2,101,1
418,2,102,1
418,2,103,1
418,2,104,1
418,2,105,1
418,2,106,1
418,2,108,0
418,2,109,1
418,2,110,1
418,2,111,1
418,2,112,1
418,2,114,1
418,2,115,0
418,2,116,1
418,2,122,1
418,2,123,1
418,2,124,1
418,2,125,1
418,2,126,1
418,2,127,1
418,2,128,1
418,2,130,1
418,2,131,1
418,2,132,1
418,2,134,1
418,2,135,1
418,2,138,1
418,2,139,1
418,2,141,1
418,2,142,1
418,2,144,1
418,2,146,1
418,2,147,1
418,2,148,1
418,2,149,1
418,2,150,0
418,2,152,1
418,2,153,0
418,2,154,1
418,2,156,1
418,2,157,1
418,2,160,1
419,1,1,1
419,1,5,1
419,1,8,1
419,1,9,1
419,1,13,0
419,1,14,1
419,1,18,1
419,1,19,0
419,1,20,1
419,1,21,1
419,1,34,1
419,1,35,0
419,1,39,0
419,1,47,1
419,1,48,1
419,1,52,1
419,1,53,1
419,1,54,0
419,1,56,1
419,1,58,1
419,1,61,1
419,1,62,1
419,1,64,1
419,1,68,1
419,1,70,1
419,1,73,0
419,1,74,0
419,1,77,1
419,1,78,0
419,1,81,0
419,1,93,0
419,1,94,1
419,1,105,0
419,1,109,1
419,1,115,0
419,1,116,1
419,1,117,1
419,1,120,0
419,1,130,0
419,1,131,0
419,1,135,1
419,1,139,0
419,1,146,0
419,1,148,1
419,1,176,0
419,1,178,0
419,1,188,0
419,1,195,0
419,1,200,1
419,1,205,1
419,1,207,1
419,1,235,1
419,1,248,1
419,1,262,0
419,1,270,1
419,1,286,1
419,1,288,0
419,1,292,0
419,1,298,1
419,1,300,0
419,1,301,1
419,1,302,1
419,1,304,1
419,1,305,0
419,1,310,1
419,2,1,1
419,2,2,1
419,2,3,1
419,2,4,1
419,2,6,1
419,2,7,1
419,2,8,1
419,2,9,1
419,2,11,1
419,2,14,1
419,2,15,1
419,2,16,1
419,2,17,1
419,2,18,1
419,2,19,1
419,2,21,1
419,2,22,1
419,2,23,1
419,2,25,1
419,2,27,1
419,2,28,1
419,2,30,1
419,2,31,1
419,2,32,1
419,2,33,1
419,2,36,1
419,2,38,1
419,2,39,1
419,2,42,1
419,2,43,1
419,2,45,1
419,2,46,1
419,2,49,1
419,2,51,1
419,2,52,1
419,2,53,1
419,2,55,1
419,2,56,1
419,2,59,1
419,2,60,1
419,2,65,1
419,2,66,1
419,2,67,1
419,2,71,1
419,2,72,1
419,2,73,1
419,2,74,1
419,2,76,1
419,2,77,1
419,2,83,1
419,2,85,1
419,2,90,1
419,2,91,1
419,2,92,1
419,2,93,1
419,2,94,1
419,2,95,1
419,2,96,1
419,2,97,1
419,2,98,1
419,2,99,1
419,2,102,1
419,2,104,1
419,2,106,1
419,2,107,1
419,2,108,1
419,2,109,1
419,2,112,1
419,2,116,1
419,2,117,1
419,2,118,1
419,2,119,1
419,2,122,1
419,2,123,1
419,2,124,1
419,2,126,1
419,2,127,1
419,2,128,1
419,2,129,1
419,2,130,1
419,2,131,0
419,2,132,1
419,2,134,1
419,2,135,1
419,2,136,1
419,2,137,1
419,2,138,1
419,2,139,1
419,2,141,1
419,2,142,1
419,2,143,1
419,2,146,1
419,2,147,1
419,2,150,1
419,2,152,1
419,2,153,1
419,2,154,1
419,2,156,1
419,2,157,1
419,2,159,1
419,2,160,1
420,1,2,0
420,1,4,0
420,1,10,0
420,1,11,0
420,1,18,0
420,1,20,1
420,1,21,1
420,1,22,1
420,1,23,0
420,1,25,1
420,1,26,0
420,1,29,0
420,1,30,0
420,1,37,1
420,1,38,1
420,1,42,0
420,1,43,1
420,1,44,1
420,1,53,0
420,1,56,0
420,1,57,0
420,1,58,1
420,1,64,0
420,1,66,1
420,1,67,1
420,1,72,0
420,1,76,1
420,1,106,1
420,1,108,0
420,1,109,1
420,1,110,0
420,1,115,1
420,1,120,0
420,1,127,1
420,1,130,0
420,1,136,1
420,1,137,0
420,1,145,1
420,1,146,0
420,1,147,0
420,1,149,0
420,1,156,0
420,1,160,1
420,1,171,1
420,1,174,1
420,1,175,0
420,1,179,0
420,1,190,0
420,1,193,1
420,1,194,1
420,1,196,0
420,1,201,0
420,1,207,1
420,1,208,0
420,1,210,1
420,1,213,1
420,1,216,0
420,1,222,1
420,1,223,1
420,1,227,1
420,1,232,1
420,1,233,1
420,1,234,0
420,1,255,0
420,1,260,0
420,1,263,1
420,1,267,0
420,1,270,0
420,1,271,0
420,1,275,1
420,1,277,0
420,1,279,0
420,1,280,0
420,1,287,1
420,1,288,0
420,1,290,0
420,1,291,1
420,1,293,1
420,1,298,1
420,1,300,1
420,1,301,1
420,1,302,1
420,1,307,0
420,1,309,0
420,2,3,1
420,2,4,1
420,2,5,1
420,2,6,1
420,2,8,1
420,2,9,1
420,2,10,1
420,2,11,1
420,2,13,1
420,2,14,1
420,2,15,1
420,2,17,1
420,2,18,1
420,2,19,1
420,2,20,1
420,2,21,1
420,2,22,1
420,2,23,1
420,2,24,1
420,2,25,1
420,2,26,1
420,2,28,1
420,2,29,1
420,2,30,1
420,2,31,1
420,2,33,1
420,2,34,1
420,2,37,1
420,2,38,1
420,2,39,1
420,2,43,1
420,2,44,1
420,2,46,1
420,2,47,1
420,2,48,1
420,2,49,1
420,2,51,1
420,2,52,1
420,2,55,1
420,2,56,1
420,2,57,1
420,2,58,1
420,2,60,1
420,2,61,1
420,2,62,1
420,2,65,1
420,2,66,1
420,2,68,1
420,2,70,1
420,2,72,1
420,2,73,1
420,2,74,1
420,2,75,1
420,2,76,1
420,2,77,1
420,2,78,1
420,2,79,1
420,2,80,1
420,2,81,1
420,2,82,1
420,2,83,1
420,2,86,1
420,2,87,1
420,2,89,1
420,2,90,1
420,2,91,1
420,2,92,1
420,2,93,1
420,2,95,1
420,2,96,1
420,2,97,1
420,2,99,1
420,2,100,1
420,2,104,1
420,2,105,1
420,2,106,1
420,2,108,1
420,2,109,1
420,2,110,1
420,2,112,1
420,2,113,1
420,2,114,1
420,2,115,1
420,2,116,1
420,2,117,1
420,2,119,1
420,2,120,1
420,2,121,1
420,2,122,1
420,2,126,1
420,2,128,1
420,2,129,1
420,2,130,1
420,2,131,1
420,2,132,1
420,2,134,1
420,2,135,1
420,2,136,1
420,2,137,1
420,2,138,1
420,2,139,1
420,2,141,1
420,2,142,1
420,2,143,1
420,2,144,1
420,2,145,1
420,2,146,1
420,2,147,1
420,2,148,1
420,2,149,1
420,2,150,1
420,2,152,1
420,2,153,1
420,2,155,1
420,2,156,1
420,2,157,1
420,2,158,1
421,1,2,1
421,1,3,1
421,1,4,0
421,1,6,0
421,1,7,0
421,1,8,1
421,1,9,0
421,1,11,0
421,1,12,1
421,1,13,1
421,1,14,0
421,1,15,1
421,1,17,1
421,1,18,0
421,1,19,1
421,1,21,1
421,1,22,0
421,1,23,1
421,1,24,0
421,1,26,0
421,1,27,0
421,1,28,0
421,1,29,1
421,1,30,1
421,1,31,0
421,1,32,0
421,1,33,0
421,1,34,1
421,1,36,0
421,1,37,0
421,1,38,0
421,1,39,1
421,1,40,1
421,1,41,1
421,1,43,0
421,1,44,0
421,1,46,1
421,1,48,0
421,1,49,0
421,1,50,0
421,1,51,1
421,1,52,1
421,1,53,1
421,1,54,1
421,1,56,1
421,1,57,1
421,1,58,1
421,1,59,0
421,1,61,1
421,1,62,1
421,1,63,1
421,1,64,0
421,1,66,1
421,1,67,0
421,1,68,1
421,1,70,0
421,1,71,0
421,1,72,1
421,1,73,1
421,1,75,1
421,1,76,0
421,1,78,1
421,1,79,0
421,1,80,1
421,1,81,1
421,1,82,0
421,1,83,0
421,1,84,1
421,1,85,0
421,1,89,0
421,1,90,0
421,1,92,0
421,1,93,0
421,1,94,1
421,1,95,1
421,1,97,1
421,1,99,0
421,1,101,1
421,1,102,0
421,1,103,1
421,1,104,0
421,1,105,0
421,1,106,1
421,1,107,1
421,1,108,0
421,1,110,1
421,1,111,0
421,1,112,1
421,1,114,0
421,1,115,0
421,1,116,1
421,1,117,0
421,1,118,0
421,1,120,0
421,1,122,0
421,1,123,1
421,1,126,1
421,1,127,0
421,1,128,0
421,1,129,0
421,1,130,1
421,1,131,0
421,1,133,1
421,1,134,0
421,1,135,1
421,1,136,1
421,1,137,0
421,1,138,0
421,1,139,1
421,1,141,1
421,1,142,0
421,1,144,0
421,1,145,1
421,1,146,1
421,1,147,1
421,1,149,0
421,1,150,0
421,1,151,0
421,1,152,1
421,1,153,1
421,1,155,1
421,1,156,1
421,1,158,0
421,1,160,1
421,1,161,0
421,1,162,1
421,1,164,0
421,1,165,0
421,1,166,0
421,1,167,0
421,1,168,1
421,1,169,1
421,1,171,0
421,1,172,0
421,1,173,0
421,1,174,1
421,1,175,1
421,1,176,0
421,1,177,1
421,1,178,1
421,1,179,0
421,1,180,0
421,1,181,1
421,1,182,0
421,1,184,0
421,1,185,0
421,1,186,0
421,1,187,1
421,1,188,0
421,1,189,0
421,1,190,1
421,1,191,1
421,1,193,0
421,1,194,1
421,1,195,1
421,1,196,0
421,1,198,1
421,1,200,1
421,1,201,1
421,1,202,0
421,1,203,1
421,1,204,0
421,1,205,0
421,1,206,0
421,1,207,0
421,1,208,1
421,1,209,0
421,1,210,0
421,1,211,0
421,1,213,1
421,1,215,0
421,1,217,1
421,1,218,0
421,1,219,0
421,1,221,1
421,1,222,1
421,1,223,0
421,1,224,1
421,1,225,1
421,1,226,0
421,1,227,0
421,1,228,1
421,1,229,0
421,1,230,1
421,1,231,0
421,1,232,1
421,1,233,1
421,1,234,0
421,1,235,0
421,1,236,1
421,1,237,1
421,1,238,0
421,1,239,0
421,1,240,0
421,2,1,1
421,2,3,1
421,2,4,1
421,2,5,1
421,2,6,1
421,2,7,1
421,2,8,1
421,2,10,1
421,2,12,1
421,2,13,1
421,2,15,1
421,2,17,1
421,2,18,1
421,2,19,1
421,2,21,1
421,2,22,1
421,2,23,1
421,2,25,1
421,2,26,1
421,2,27,1
421,2,28,1
421,2,29,1
421,2,30,1
421,2,31,1
421,2,32,1
421,2,34,1
421,2,35,1
421,2,38,1
421,2,41,1
421,2,42,1
421,2,45,1
421,2,46,1
421,2,47,1
421,2,48,1
421,2,50,1
421,2,52,1
421,2,53,1
421,2,56,1
421,2,57,1
421,2,58,1
421,2,60,1
421,2,61,1
421,2,62,1
421,2,63,1
421,2,64,1
421,2,66,1
421,2,67,1
421,2,68,1
421,2,69,1
421,2,70,1
421,2,71,1
421,2,72,1
421,2,73,1
421,2,75,1
421,2,77,1
421,2,79,1
421,2,81,1
421,2,83,1
421,2,84,1
421,2,88,1
421,2,89,1
421,2,90,1
421,2,93,1
421,2,94,1
421,2,95,1
421,2,96,1
421,2,97,1
421,2,98,1
421,2,99,1
421,2,101,1
421,2,102,1
421,2,103,1
421,2,104,1
421,2,105,1
421,2,107,1
421,2,109,1
421,2,113,1
421,2,114,1
421,2,115,1
421,2,116,1
421,2,118,1
421,2,119,1
421,2,121,1
421,2,122,1
421,2,124,1
421,2,125,1
421,2,126,1
421,2,127,1
421,2,128,1
421,2,129,1
421,2,130,1
421,2,132,1
421,2,133,1
421,2,134,1
421,2,135,1
421,2,136,1
421,2,137,1
421,2,138,1
421,2,140,1
421,2,141,1
421,2,142,1
421,2,143,1
421,2,144,0
421,2,145,1
421,2,146,1
421,2,147,1
421,2,150,1
421,2,151,1
421,2,153,1
421,2,154,1
421,2,155,1
421,2,156,1
421,2,157,1
421,2,158,1
421,2,159,1
422,1,2,1
422,1,3,1
422,1,4,0
422,1,5,1
422,1,7,0
422,1,8,0
422,1,9,0
422,1,10,0
422,1,11,0
422,1,12,0
422,1,13,0
422,1,15,0
422,1,17,1
422,1,18,0
422,1,19,1
422,1,21,1
422,1,22,0
422,1,23,1
422,1,24,0
422,1,29,1
422,1,31,1
422,1,32,1
422,1,34,0
422,1,35,0
422,1,36,0
422,1,37,0
422,1,38,0
422,1,40,1
422,1,42,0
422,1,44,0
422,1,45,1
422,1,46,0
422,1,47,1
422,1,48,1
422,1,50,1
422,1,51,1
422,1,54,0
422,1,55,0
422,1,56,0
422,1,58,1
422,1,59,1
422,1,60,1
422,1,61,0
422,1,63,1
422,1,64,0
422,1,65,1
422,1,68,0
422,1,69,1
422,1,70,1
422,1,72,0
422,1,73,0
422,1,75,0
422,1,76,0
422,1,77,1
422,1,78,0
422,1,79,0
422,1,82,1
422,1,83,0
422,1,84,1
422,1,85,0
422,1,87,0
422,1,88,1
422,1,89,1
422,1,90,1
422,1,91,0
422,1,92,0
422,1,93,0
422,1,94,0
422,1,95,0
422,1,99,0
422,1,101,1
422,1,102,0
422,1,103,0
422,1,105,0
422,1,106,0
422,1,107,1
422,1,109,1
422,1,110,1
422,1,112,0
422,1,113,0
422,1,115,1
422,1,116,0
422,1,117,1
422,1,120,1
422,1,121,1
422,1,124,0
422,1,125,1
422,1,126,1
422,1,127,0
422,1,128,0
422,1,129,1
422,1,131,0
422,1,132,0
422,1,133,1
422,1,134,0
422,1,135,0
422,1,136,0
422,1,137,0
422,1,138,1
422,1,139,0
422,1,140,0
422,1,141,0
422,1,142,0
422,1,144,1
422,1,145,0
422,1,146,1
422,1,147,0
422,1,148,1
422,1,150,1
422,1,151,1
422,1,152,0
422,1,153,0
422,1,154,0
422,1,156,0
422,1,157,1
422,1,159,1
422,1,160,1
422,1,161,1
422,1,162,1
422,1,163,1
422,1,164,0
422,1,165,0
422,1,166,0
422,1,167,1
422,1,168,0
422,1,171,1
422,1,172,1
422,1,173,0
422,1,175,1
422,1,176,0
422,1,177,0
422,1,178,0
422,1,179,1
422,1,180,0
422,1,181,1
422,1,182,1
422,1,183,0
422,1,184,1
422,1,185,0
422,1,186,0
422,1,188,0
422,1,189,1
422,1,190,1
422,1,191,0
422,1,192,0
422,1,193,0
422,1,194,0
422,1,195,0
422,1,196,1
422,1,197,0
422,1,198,0
422,1,199,1
422,1,201,0
422,1,202,0
422,1,203,0
422,1,204,0
422,1,205,1
422,1,206,0
422,1,207,1
422,1,208,0
422,1,209,0
422,1,210,1
422,1,211,0
422,1,212,1
422,1,213,0
422,1,214,0
422,1,215,0
422,1,216,0
422,1,218,1
422,1,219,1
422,1,220,0
422,1,222,0
422,1,223,1
422,1,224,0
422,1,225,0
422,1,226,0
422,1,227,1
422,1,228,0
422,1,229,1
422,1,232,1
422,1,233,0
422,1,234,1
422,1,235,0
422,1,237,0
422,1,238,0
422,1,239,0
422,2,2,1
422,2,3,1
422,2,7,1
422,2,8,1
422,2,9,1
422,2,12,1
422,2,13,1
422,2,14,1
422,2,15,1
422,2,16,1
422,2,18,1
422,2,19,1
422,2,20,1
422,2,21,1
422,2,22,1
422,2,24,1
422,2,25,1
422,2,26,1
422,2,28,1
422,2,29,1
422,2,30,1
422,2,31,1
422,2,34,1
422,2,35,1
422,2,36,1
422,2,37,1
422,2,38,1
422,2,39,1
422,2,43,1
422,2,44,1
422,2,45,1
422,2,46,1
422,2,47,1
422,2,48,1
422,2,50,1
422,2,51,0
422,2,55,1
422,2,56,1
422,2,57,1
422,2,59,1
422,2,60,1
422,2,61,1
422,2,63,1
422,2,64,1
422,2,65,1
422,2,66,1
422,2,68,1
422,2,69,1
422,2,70,1
422,2,73,1
422,2,74,1
422,2,76,1
422,2,77,1
422,2,78,1
422,2,79,1
422,2,80,1
422,2,82,1
422,2,85,1
422,2,86,1
422,2,87,1
422,2,89,1
422,2,90,1
422,2,91,1
422,2,93,1
422,2,94,1
422,2,96,1
422,2,98,1
422,2,99,1
422,2,100,1
422,2,102,1
422,2,103,1
422,2,104,1
422,2,105,1
422,2,106,1
422,2,108,1
422,2,109,1
422,2,110,1
422,2,111,1
422,2,113,1
422,2,116,1
422,2,117,1
422,2,118,1
422,2,120,1
422,2,121,1
422,2,122,1
422,2,123,1
422,2,124,1
422,2,125,1
422,2,127,1
422,2,128,1
422,2,129,1
422,2,131,1
422,2,132,1
422,2,133,1
422,2,134,1
422,2,137,1
422,2,138,1
422,2,139,1
422,2,140,1
422,2,141,1
422,2,142,1
422,2,143,1
422,2,144,1
422,2,145,1
422,2,146,1
422,2,148,1
422,2,149,1
422,2,150,1
422,2,152,1
422,2,154,1
422,2,155,1
422,2,156,1
422,2,157,1
422,2,158,1
422,2,160,1
423,1,1,1
423,1,2,0
423,1,15,0
423,1,68,1
423,1,72,0
423,1,106,1
423,1,108,1
423,1,126,1
423,1,132,1
423,1,136,0
423,1,145,1
423,1,184,0
423,1,192,1
423,1,194,0
423,1,205,0
423,1,212,1
423,1,229,1
423,1,235,1
423,1,236,0
423,1,311,0
423,2,3,1
423,2,5,1
423,2,6,1
423,2,7,1
423,2,8,1
423,2,10,1
423,2,11,1
423,2,12,1
423,2,13,1
423,2,17,1
423,2,19,1
423,2,20,1
423,2,28,1
423,2,31,1
423,2,32,1
423,2,33,1
423,2,36,1
423,2,39,1
423,2,40,1
423,2,41,1
423,2,42,1
423,2,44,1
423,2,46,1
423,2,54,1
423,2,56,1
423,2,58,1
423,2,59,1
423,2,61,1
423,2,62,1
423,2,63,1
423,2,64,1
423,2,65,1
423,2,67,1
423,2,68,1
423,2,69,1
423,2,71,1
423,2,74,1
423,2,75,1
423,2,77,1
423,2,79,1
423,2,80,1
423,2,82,1
423,2,83,1
423,2,84,1
423,2,86,1
423,2,88,1
423,2,90,1
423,2,91,1
423,2,92,1
423,2,94,1
423,2,95,1
423,2,97,1
423,2,99,1
423,2,100,1
423,2,101,1
423,2,102,1
423,2,104,1
423,2,105,1
423,2,106,1
423,2,107,1
423,2,108,1
423,2,109,1
423,2,110,1
423,2,111,1
423,2,112,1
423,2,114,1
423,2,115,1
423,2,116,1
423,2,118,1
423,2,119,1
423,2,121,1
423,2,122,1
423,2,126,1
423,2,127,1
423,2,128,1
423,2,130,1
423,2,131,1
423,2,132,1
423,2,133,1
423,2,135,1
423,2,136,1
423,2,137,1
423,2,139,1
423,2,140,1
423,2,141,1
423,2,142,1
423,2,144,1
423,2,145,1
423,2,146,1
423,2,147,1
423,2,149,1
423,2,151,1
423,2,152,1
423,2,153,1
423,2,155,1
423,2,156,1
423,2,157,1
423,2,158,1
423,2,159,1
424,1,2,0
424,1,4,0
424,1,5,0
424,1,10,0
424,1,12,1
424,1,13,1
424,1,14,0
424,1,15,1
424,1,18,1
424,1,19,0
424,1,23,0
424,1,24,0
424,1,25,0
424,1,29,0
424,1,32,1
424,1,33,1
424,1,34,1
424,1,35,1
424,1,42,1
424,1,46,0
424,1,48,0
424,1,49,1
424,1,52,1
424,1,55,0
424,1,56,1
424,1,57,1
424,1,58,0
424,1,60,0
424,1,61,1
424,1,66,1
424,1,69,1
424,1,71,1
424,1,72,0
424,1,73,0
424,1,76,0
424,1,77,1
424,1,78,0
424,1,79,1
424,1,83,0
424,1,84,0
424,1,85,0
424,1,86,1
424,1,88,1
424,1,89,1
424,1,90,0
424,1,91,0
424,1,94,0
424,1,97,0
424,1,101,0
424,1,103,0
424,1,104,1
424,1,105,0
424,1,106,1
424,1,108,0
424,1,111,1
424,1,112,1
424,1,114,0
424,1,115,0
424,1,116,1
424,1,117,0
424,1,118,0
424,1,120,1
424,1,122,1
424,1,125,0
424,1,126,0
424,1,127,0
424,1,128,1
424,1,131,1
424,1,132,1
424,1,133,0
424,1,138,1
424,1,140,1
424,1,141,1
424,1,144,0
424,1,158,1
424,1,159,1
424,1,167,1
424,1,168,1
424,1,170,0
424,1,173,0
424,1,174,0
424,1,175,1
424,1,178,1
424,1,179,1
424,1,180,1
424,1,183,1
424,1,184,1
424,1,188,0
424,1,189,0
424,1,190,1
424,1,191,1
424,1,195,1
424,1,196,0
424,1,197,0
424,1,198,1
424,1,199,0
424,1,213,1
424,1,224,0
424,1,227,1
424,1,228,1
424,1,233,1
424,1,234,1
424,1,235,1
424,1,236,0
424,1,238,0
424,1,239,1
424,1,240,1
424,1,274,0
424,1,275,0
424,2,2,1
424,2,4,1
424,2,5,1
424,2,7,1
424,2,8,1
424,2,9,1
424,2,10,1
424,2,13,1
424,2,14,1
424,2,15,1
424,2,17,1
424,2,19,1
424,2,20,1
424,2,21,1
424,2,24,1
424,2,25,1
424,2,26,1
424,2,28,1
424,2,31,1
424,2,35,1
424,2,36,1
424,2,37,1
424,2,42,1
424,2,43,1
424,2,45,1
424,2,46,1
424,2,50,1
424,2,53,1
424,2,54,1
424,2,58,1
424,2,62,1
424,2,64,1
424,2,65,1
424,2,69,1
424,2,70,1
424,2,75,1
424,2,76,1
424,2,78,1
424,2,79,1
424,2,82,1
424,2,83,1
424,2,85,1
424,2,87,1
424,2,89,1
424,2,91,1
424,2,93,1
424,2,94,1
424,2,95,1
424,2,98,1
424,2,100,1
424,2,102,1
424,2,103,1
424,2,104,1
424,2,105,1
424,2,107,1
424,2,108,1
424,2,109,1
424,2,112,1
424,2,113,1
424,2,115,1
424,2,116,1
424,2,119,1
424,2,121,1
424,2,122,0
424,2,123,1
424,2,124,1
424,2,125,1
424,2,126,1
424,2,127,1
424,2,130,1
424,2,131,1
424,2,132,1
424,2,134,1
424,2,135,1
424,2,136,1
424,2,137,1
424,2,138,1
424,2,144,1
424,2,147,1
424,2,148,1
424,2,151,1
424,2,152,1
424,2,154,1
424,2,158,1
424,2,159,1
425,1,1,0
425,1,2,1
425,1,3,0
425,1,4,0
425,1,5,0
425,1,6,0
425,1,7,1
425,1,9,1
425,1,10,0
425,1,11,0
425,1,12,0
425,1,14,0
425,1,15,1
425,1,16,1
425,1,18,1
425,1,19,1
425,1,20,0
425,1,22,1
425,1,23,0
425,1,24,1
425,1,26,0
425,1,27,0
425,1,28,1
425,1,29,1
425,1,31,0
425,1,32,1
425,1,34,0
425,1,35,1
425,1,36,0
425,1,37,1
425,1,38,1
425,1,40,1
425,1,42,1
425,1,43,0
425,1,44,1
425,1,45,0
425,1,46,1
425,1,47,0
425,1,49,1
425,1,50,0
425,1,51,0
425,1,52,0
425,1,53,1
425,1,54,1
425,1,55,0
425,1,56,1
425,1,57,0
425,1,58,1
425,1,60,1
425,1,61,1
425,1,62,0
425,1,64,1
425,1,65,0
425,1,66,0
425,1,67,1
425,1,69,1
425,1,71,0
425,1,72,0
425,1,73,1
425,1,74,0
425,1,76,1
425,1,77,0
425,1,78,0
425,1,80,0
425,1,82,1
425,1,83,0
425,1,84,1
425,1,86,1
425,1,87,1
425,1,88,1
425,1,90,0
425,1,91,1
425,1,92,1
425,1,94,0
425,1,95,0
425,1,96,0
425,1,98,0
425,1,99,0
425,1,103,1
425,1,104,0
425,1,105,0
425,1,106,1
425,1,107,1
425,1,108,0
425,1,109,0
425,1,110,1
425,1,111,1
425,1,113,1
425,1,114,1
425,1,115,1
425,1,117,0
425,1,118,1
425,1,119,1
425,1,122,1
425,1,123,1
425,1,124,0
425,1,125,1
425,1,126,0
425,1,127,1
425,1,128,1
425,1,129,1
425,1,130,1
425,1,131,0
425,1,132,1
425,1,133,1
425,1,135,0
425,1,136,1
425,1,137,0
425,1,138,1
425,1,139,1
425,1,140,1
425,1,141,1
425,1,143,0
425,1,144,1
425,1,145,1
425,1,146,0
425,1,147,1
425,1,150,1
425,1,152,1
425,1,153,1
425,1,154,0
425,1,155,1
425,1,157,0
425,1,158,1
425,1,159,0
425,1,160,1
425,1,161,0
425,1,162,1
425,1,163,1
425,1,164,1
425,1,165,1
425,1,166,1
425,1,167,0
425,1,168,1
425,1,169,1
425,1,170,1
425,1,171,0
425,1,172,0
425,1,173,0
425,1,174,0
425,1,175,1
425,1,176,1
425,1,177,1
425,1,178,1
425,1,179,1
425,1,180,0
425,1,182,0
425,1,183,0
425,1,184,1
425,1,185,1
425,1,186,0
425,1,187,0
425,1,188,0
425,1,189,0
425,1,190,0
425,1,191,0
425,1,192,1
425,1,193,1
425,1,194,1
425,1,195,1
425,1,196,0
425,1,197,0
425,1,200,0
425,1,201,0
425,1,202,0
425,1,203,0
425,1,204,0
425,1,205,1
425,1,206,0
425,1,207,0
425,1,208,1
425,1,209,1
425,1,210,1
425,1,211,0
425,1,212,0
425,1,213,1
425,1,214,1
425,1,216,0
425,1,217,1
425,1,219,1
425,1,229,1
425,1,231,0
425,1,232,1
425,1,233,1
425,1,234,0
425,1,235,0
425,1,236,0
425,1,237,0
425,2,1,1
425,2,4,1
425,2,5,1
425,2,6,1
425,2,7,1
425,2,12,1
425,2,13,1
425,2,15,1
425,2,17,1
425,2,18,1
425,2,20,1
425,2,22,1
425,2,23,0
425,2,27,1
425,2,28,0
425,2,30,1
425,2,32,1
425,2,33,1
425,2,34,1
425,2,35,1
425,2,36,1
425,2,38,1
425,2,39,1
425,2,40,1
425,2,42,0
425,2,43,1
425,2,44,1
425,2,46,1
425,2,47,1
425,2,48,1
425,2,49,1
425,2,50,1
425,2,51,1
425,2,53,1
425,2,54,1
425,2,55,1
425,2,56,1
425,2,59,1
425,2,60,1
425,2,61,1
425,2,62,1
425,2,63,1
425,2,64,1
425,2,66,1
425,2,68,1
425,2,69,1
425,2,71,1
425,2,72,1
425,2,73,1
425,2,75,1
425,2,76,1
425,2,77,1
425,2,78,1
425,2,79,1
425,2,80,1
425,2,81,1
425,2,82,1
425,2,83,1
425,2,85,1
425,2,87,1
425,2,88,1
425,2,89,1
425,2,90,1
425,2,92,1
425,2,93,0
425,2,94,1
425,2,95,1
425,2,97,1
425,2,99,1
425,2,100,1
425,2,101,1
425,2,102,1
425,2,104,1
425,2,105,1
425,2,106,1
425,2,107,1
425,2,109,1
425,2,111,1
425,2,112,1
425,2,114,1
425,2,117,1
425,2,118,1
425,2,120,1
425,2,121,1
425,2,122,1
425,2,123,1
425,2,124,1
425,2,125,1
425,2,127,1
425,2,128,1
425,2,129,1
425,2,132,1
425,2,133,1
425,2,135,1
425,2,136,1
425,2,137,1
425,2,140,1
425,2,141,1
425,2,142,1
425,2,144,1
425,2,145,1
425,2,147,1
425,2,149,1
425,2,150,1
425,2,151,1
425,2,152,1
425,2,153,1
425,2,155,1
425,2,156,1
425,2,157,1
426,1,1,0
426,1,3,1
426,1,5,1
426,1,6,1
426,1,7,1
426,1,10,0
426,1,11,0
426,1,12,0
426,1,13,1
426,1,14,0
426,1,15,0
426,1,16,0
426,1,17,1
426,1,19,1
426,1,24,1
426,1,25,0
426,1,26,1
426,1,27,1
426,1,29,1
426,1,30,0
426,1,31,0
426,1,33,1
426,1,34,1
426,1,35,0
426,1,36,1
426,1,38,0
426,1,40,1
426,1,42,1
426,1,44,1
426,1,46,1
426,1,48,1
426,1,51,0
426,1,54,1
426,1,55,0
426,1,56,1
426,1,57,0
426,1,59,1
426,1,60,1
426,1,63,1
426,1,64,1
426,1,65,1
426,1,66,0
426,1,67,0
426,1,68,0
426,1,70,0
426,1,73,1
426,1,74,1
426,1,75,0
426,1,76,1
426,1,77,1
426,1,78,0
426,1,79,1
426,1,86,1
426,1,87,0
426,1,89,1
426,1,90,1
426,1,91,1
426,1,115,1
426,1,117,1
426,1,122,0
426,1,123,0
426,1,126,0
426,1,127,0
426,1,128,0
426,1,129,0
426,1,130,1
426,1,131,0
426,1,133,1
426,1,139,0
426,1,140,1
426,1,141,1
426,1,142,0
426,1,146,1
426,1,147,0
426,1,149,1
426,1,150,1
426,1,151,0
426,1,152,1
426,1,153,0
426,1,154,1
426,1,155,1
426,1,161,0
426,1,163,1
426,1,165,0
426,1,175,0
426,1,180,0
426,1,181,1
426,1,182,0
426,1,183,1
426,1,185,1
426,1,186,1
426,1,192,0
426,1,202,1
426,1,214,0
426,1,215,1
426,1,216,1
426,1,228,0
426,1,233,0
426,1,234,1
426,1,238,0
426,1,240,1
426,1,241,1
426,1,242,1
426,1,243,0
426,1,244,1
426,1,245,0
426,1,246,0
426,1,248,0
426,1,249,1
426,1,255,0
426,1,256,1
426,1,257,1
426,1,258,0
426,1,260,0
426,1,261,1
426,1,262,1
426,1,263,1
426,1,264,0
426,1,265,1
426,1,266,1
426,1,268,0
426,1,270,0
426,1,271,1
426,1,273,1
426,1,274,0
426,1,276,0
426,1,277,1
426,1,279,1
426,2,3,1
426,2,4,1
426,2,9,1
426,2,10,1
426,2,11,1
426,2,12,1
426,2,14,1
426,2,15,1
426,2,16,1
426,2,18,1
426,2,19,0
426,2,20,1
426,2,21,1
426,2,23,1
426,2,24,1
426,2,25,1
426,2,26,1
426,2,28,1
426,2,29,1
426,2,30,1
426,2,31,1
426,2,38,1
426,2,40,1
426,2,41,1
426,2,42,1
426,2,43,1
426,2,44,1
426,2,46,1
426,2,47,1
426,2,48,1
426,2,49,1
426,2,50,1
426,2,51,1
426,2,52,1
426,2,54,1
426,2,55,1
426,2,56,1
426,2,58,1
426,2,59,1
426,2,60,1
426,2,61,1
426,2,68,1
426,2,69,1
426,2,70,1
426,2,71,0
426,2,75,1
426,2,76,1
426,2,77,1
426,2,82,1
426,2,85,1
426,2,86,1
426,2,89,1
426,2,90,1
426,2,94,1
426,2,97,1
426,2,100,1
426,2,101,1
426,2,103,1
426,2,107,1
426,2,108,1
426,2,109,1
426,2,111,1
426,2,112,1
426,2,113,1
426,2,114,1
426,2,115,1
426,2,117,1
426,2,118,1
426,2,119,1
426,2,120,1
426,2,127,1
426,2,129,1
426,2,130,1
426,2,131,1
426,2,132,1
426,2,133,1
426,2,134,1
426,2,135,1
426,2,136,1
426,2,138,1
426,2,139,1
426,2,140,1
426,2,141,1
426,2,142,1
426,2,143,1
426,2,144,1
426,2,147,1
426,2,149,1
426,2,150,0
426,2,154,1
426,2,155,1
427,1,2,0
427,1,3,0
427,1,4,0
427,1,5,1
427,1,6,1
427,1,8,1
427,1,9,0
427,1,10,0
427,1,12,1
427,1,13,1
427,1,16,0
427,1,17,0
427,1,18,1
427,1,19,0
427,1,20,0
427,1,21,0
427,1,22,1
427,1,23,0
427,1,25,1
427,1,26,0
427,1,27,1
427,1,28,0
427,1,29,0
427,1,30,1
427,1,31,0
427,1,32,0
427,1,33,0
427,1,35,0
427,1,36,1
427,1,37,1
427,1,38,0
427,1,39,0
427,1,41,1
427,1,42,0
427,1,44,0
427,1,45,1
427,1,46,1
427,1,47,1
427,1,48,1
427,1,49,1
427,1,50,0
427,1,51,0
427,1,52,0
427,1,53,1
427,1,55,0
427,1,56,0
427,1,57,0
427,1,58,0
427,1,60,0
427,1,61,1
427,1,62,0
427,1,64,1
427,1,65,1
427,1,66,1
427,1,68,1
427,1,69,1
427,1,70,0
427,1,72,0
427,1,73,0
427,1,74,0
427,1,76,0
427,1,77,0
427,1,78,0
427,1,79,0
427,1,80,0
427,1,81,0
427,1,82,0
427,1,83,1
427,1,84,1
427,1,86,1
427,1,88,0
427,1,90,1
427,1,91,0
427,1,92,0
427,1,94,1
427,1,95,0
427,1,96,0
427,1,97,0
427,1,98,1
427,1,99,0
427,1,100,1
427,1,101,0
427,1,102,1
427,1,104,1
427,1,105,1
427,1,106,0
427,1,107,0
427,1,109,1
427,1,110,0
427,1,111,0
427,1,112,1
427,1,113,1
427,1,115,1
427,1,116,1
427,1,117,1
427,1,118,1
427,1,120,1
427,1,121,1
427,1,122,0
427,1,123,0
427,1,124,1
427,1,125,1
427,1,126,1
427,1,127,0
427,1,128,1
427,1,129,1
427,1,130,1
427,1,131,1
427,1,133,1
427,1,134,1
427,1,135,0
427,1,136,0
427,1,137,0
427,1,138,0
427,1,139,0
427,1,140,0
427,1,141,0
427,1,143,0
427,1,144,1
427,1,145,1
427,1,147,1
427,1,148,1
427,1,149,1
427,1,150,1
427,1,152,0
427,1,153,0
427,1,154,1
427,1,155,0
427,1,156,0
427,1,158,0
427,1,160,0
427,1,161,1
427,1,162,0
427,1,163,0
427,1,164,1
427,1,165,1
427,1,166,1
427,1,167,0
427,1,168,0
427,1,169,1
427,1,170,1
427,1,171,0
427,1,172,0
427,1,173,1
427,1,174,0
427,1,175,0
427,1,176,0
427,1,177,0
427,1,178,1
427,1,179,0
427,1,180,1
427,1,181,1
427,1,182,0
427,1,183,0
427,1,184,1
427,1,185,1
427,1,186,1
427,1,187,0
427,1,188,0
427,1,189,0
427,1,190,1
427,1,191,1
427,1,192,0
427,1,193,0
427,1,194,1
427,1,195,1
427,1,196,0
427,1,197,1
427,1,198,1
427,1,199,0
427,1,200,1
427,1,201,1
427,1,202,0
427,1,203,1
427,1,204,1
427,1,205,0
427,1,206,1
427,1,207,1
427,1,208,0
427,1,209,0
427,1,210,1
427,1,211,0
427,1,212,0
427,1,213,0
427,1,214,1
427,1,215,1
427,1,216,0
427,1,217,1
427,1,218,0
427,1,219,1
427,1,220,0
427,1,221,0
427,1,222,0
427,1,223,0
427,1,224,1
427,1,225,0
427,1,226,1
427,1,227,0
427,1,228,1
427,1,229,1
427,1,230,1
427,1,231,1
427,1,232,0
427,1,233,0
427,1,234,0
427,1,235,1
427,1,236,0
427,1,237,0
427,1,238,1
427,1,239,0
427,2,2,1
427,2,3,1
427,2,4,1
427,2,5,1
427,2,7,1
427,2,8,1
427,2,9,1
427,2,10,1
427,2,12,1
427,2,13,1
427,2,14,1
427,2,15,1
427,2,17,1
427,2,18,1
427,2,19,1
427,2,20,1
427,2,21,1
427,2,22,1
427,2,24,1
427,2,25,1
427,2,26,1
427,2,28,1
427,2,29,1
427,2,30,1
427,2,31,1
427,2,32,1
427,2,34,1
427,2,37,1
427,2,38,1
427,2,40,1
427,2,41,1
427,2,43,1
427,2,45,1
427,2,46,1
427,2,49,1
427,2,51,1
427,2,52,1
427,2,54,1
427,2,55,1
427,2,56,1
427,2,58,1
427,2,59,1
427,2,60,1
427,2,61,1
427,2,62,1
427,2,64,0
427,2,65,1
427,2,66,1
427,2,67,0
427,2,69,1
427,2,70,1
427,2,71,1
427,2,72,1
427,2,73,0
427,2,74,1
427,2,76,1
427,2,78,1
427,2,79,1
427,2,82,1
427,2,84,1
427,2,87,1
427,2,88,1
427,2,89,1
427,2,91,1
427,2,92,1
427,2,93,0
427,2,94,1
427,2,95,1
427,2,96,1
427,2,97,1
427,2,98,1
427,2,100,1
427,2,101,1
427,2,102,1
427,2,103,1
427,2,105,1
427,2,106,1
427,2,107,1
427,2,108,1
427,2,110,1
427,2,111,1
427,2,112,1
427,2,113,1
427,2,114,1
427,2,115,1
427,2,117,1
427,2,118,1
427,2,122,1
427,2,123,1
427,2,126,1
427,2,127,1
427,2,128,1
427,2,129,1
427,2,130,1
427,2,132,1
427,2,133,1
427,2,134,1
427,2,135,1
427,2,137,1
427,2,138,1
427,2,139,1
427,2,140,1
427,2,141,1
427,2,143,1
427,2,144,1
427,2,145,1
427,2,146,1
427,2,149,1
427,2,150,1
427,2,151,1
427,2,153,1
427,2,154,1
427,2,155,1
427,2,157,1
427,2,158,1
427,2,159,1
427,2,160,1
